Country ;YEAR;AgriCul
Afghanistan;2000;..
Afghanistan;2001;..
Afghanistan;2002;38.6
Afghanistan;2003;37.4
Afghanistan;2004;29.7
Afghanistan;2005;31.1
Afghanistan;2006;28.6
Afghanistan;2007;30.1
Afghanistan;2008;24.9
Afghanistan;2009;29.3
Afghanistan;2010;26.2
Afghanistan;2011;23.7
Afghanistan;2012;24.4
Afghanistan;2013;22.8
Afghanistan;2014;22.1
Afghanistan;2015;20.6
Afghanistan;;
Afghanistan;_1;
Albania;2000;24.5
Albania;2001;22.7
Albania;2002;22
Albania;2003;22
Albania;2004;20.5
Albania;2005;18.8
Albania;2006;17.7
Albania;2007;17.2
Albania;2008;16.8
Albania;2009;16.8
Albania;2010;18
Albania;2011;18.2
Albania;2012;18.8
Albania;2013;19.6
Albania;2014;20
Albania;2015;19.8
Albania;;
Albania;_1;
Algeria;2000;8.4
Algeria;2001;9.7
Algeria;2002;9.2
Algeria;2003;9.8
Algeria;2004;9.4
Algeria;2005;7.7
Algeria;2006;7.5
Algeria;2007;7.6
Algeria;2008;6.6
Algeria;2009;9.3
Algeria;2010;8.5
Algeria;2011;8.1
Algeria;2012;8.8
Algeria;2013;9.9
Algeria;2014;10.3
Algeria;2015;11.6
Algeria;;
Algeria;_1;
American Samoa;2000;..
American Samoa;2001;..
American Samoa;2002;..
American Samoa;2003;..
American Samoa;2004;..
American Samoa;2005;..
American Samoa;2006;..
American Samoa;2007;..
American Samoa;2008;..
American Samoa;2009;..
American Samoa;2010;..
American Samoa;2011;..
American Samoa;2012;..
American Samoa;2013;..
American Samoa;2014;..
American Samoa;2015;..
American Samoa;;
American Samoa;_1;
Andorra;2000;0.5
Andorra;2001;0.4
Andorra;2002;0.4
Andorra;2003;0.4
Andorra;2004;0.4
Andorra;2005;0.4
Andorra;2006;0.4
Andorra;2007;0.4
Andorra;2008;0.4
Andorra;2009;0.4
Andorra;2010;0.5
Andorra;2011;0.5
Andorra;2012;0.6
Andorra;2013;0.6
Andorra;2014;0.5
Andorra;2015;0.5
Andorra;;
Andorra;_1;
Angola;2000;5.7
Angola;2001;8.2
Angola;2002;5.8
Angola;2003;6.2
Angola;2004;6.3
Angola;2005;5.1
Angola;2006;5.2
Angola;2007;5.2
Angola;2008;4.8
Angola;2009;6.6
Angola;2010;6.2
Angola;2011;5.8
Angola;2012;6.1
Angola;2013;6.5
Angola;2014;7.5
Angola;2015;9.1
Angola;;
Angola;_1;
Antigua and Barbuda;2000;1.6
Antigua and Barbuda;2001;1.6
Antigua and Barbuda;2002;1.7
Antigua and Barbuda;2003;1.7
Antigua and Barbuda;2004;1.6
Antigua and Barbuda;2005;1.8
Antigua and Barbuda;2006;1.7
Antigua and Barbuda;2007;1.6
Antigua and Barbuda;2008;1.5
Antigua and Barbuda;2009;1.5
Antigua and Barbuda;2010;1.6
Antigua and Barbuda;2011;1.9
Antigua and Barbuda;2012;1.9
Antigua and Barbuda;2013;2
Antigua and Barbuda;2014;1.7
Antigua and Barbuda;2015;1.6
Antigua and Barbuda;;
Antigua and Barbuda;_1;
Argentina;2000;4.7
Argentina;2001;4.6
Argentina;2002;10.2
Argentina;2003;10.3
Argentina;2004;8.4
Argentina;2005;7.9
Argentina;2006;6.9
Argentina;2007;7.5
Argentina;2008;7.3
Argentina;2009;5.3
Argentina;2010;7.1
Argentina;2011;7
Argentina;2012;5.8
Argentina;2013;6.1
Argentina;2014;6.7
Argentina;2015;5.2
Argentina;;
Argentina;_1;
Armenia;2000;..
Armenia;2001;..
Armenia;2002;..
Armenia;2003;..
Armenia;2004;..
Armenia;2005;..
Armenia;2006;..
Armenia;2007;..
Armenia;2008;..
Armenia;2009;..
Armenia;2010;..
Armenia;2011;..
Armenia;2012;17.9
Armenia;2013;18.4
Armenia;2014;18.1
Armenia;2015;17.2
Armenia;;
Armenia;_1;
Aruba;2000;0
Aruba;2001;0
Aruba;2002;0
Aruba;2003;0
Aruba;2004;0
Aruba;2005;0
Aruba;2006;0
Aruba;2007;0
Aruba;2008;0
Aruba;2009;0
Aruba;2010;0
Aruba;2011;0
Aruba;2012;0
Aruba;2013;0
Aruba;2014;0
Aruba;2015;0
Aruba;;
Aruba;_1;
Australia;2000;3.1
Australia;2001;3.5
Australia;2002;3.9
Australia;2003;2.9
Australia;2004;3.1
Australia;2005;2.9
Australia;2006;2.7
Australia;2007;2.2
Australia;2008;2.3
Australia;2009;2.3
Australia;2010;2.2
Australia;2011;2.3
Australia;2012;2.3
Australia;2013;2.3
Australia;2014;2.2
Australia;2015;2.4
Australia;;
Australia;_1;
Austria;2000;1.6
Austria;2001;1.7
Austria;2002;1.6
Austria;2003;1.5
Austria;2004;1.5
Austria;2005;1.3
Austria;2006;1.3
Austria;2007;1.4
Austria;2008;1.3
Austria;2009;1.1
Austria;2010;1.3
Austria;2011;1.4
Austria;2012;1.3
Austria;2013;1.3
Austria;2014;1.2
Austria;2015;1.1
Austria;;
Austria;_1;
Azerbaijan;2000;16.1
Azerbaijan;2001;14.8
Azerbaijan;2002;14
Azerbaijan;2003;12.4
Azerbaijan;2004;11
Azerbaijan;2005;9.1
Azerbaijan;2006;7.1
Azerbaijan;2007;6.7
Azerbaijan;2008;5.6
Azerbaijan;2009;6.1
Azerbaijan;2010;5.5
Azerbaijan;2011;5.1
Azerbaijan;2012;5.1
Azerbaijan;2013;5.4
Azerbaijan;2014;5.3
Azerbaijan;2015;6.2
Azerbaijan;;
Azerbaijan;_1;
Bahamas, The;2000;1.3
Bahamas, The;2001;1.2
Bahamas, The;2002;1.5
Bahamas, The;2003;1.3
Bahamas, The;2004;1.2
Bahamas, The;2005;1.1
Bahamas, The;2006;1.2
Bahamas, The;2007;1.1
Bahamas, The;2008;1
Bahamas, The;2009;0.9
Bahamas, The;2010;1.1
Bahamas, The;2011;1.1
Bahamas, The;2012;1.1
Bahamas, The;2013;0.9
Bahamas, The;2014;0.8
Bahamas, The;2015;0.8
Bahamas, The;;
Bahamas, The;_1;
Bahrain;2000;..
Bahrain;2001;..
Bahrain;2002;..
Bahrain;2003;..
Bahrain;2004;..
Bahrain;2005;..
Bahrain;2006;0.3
Bahrain;2007;0.3
Bahrain;2008;0.3
Bahrain;2009;0.3
Bahrain;2010;0.3
Bahrain;2011;0.3
Bahrain;2012;0.3
Bahrain;2013;0.3
Bahrain;2014;0.3
Bahrain;2015;0.3
Bahrain;;
Bahrain;_1;
Bangladesh;2000;22.7
Bangladesh;2001;21.8
Bangladesh;2002;20.6
Bangladesh;2003;19.8
Bangladesh;2004;19.3
Bangladesh;2005;18.6
Bangladesh;2006;18
Bangladesh;2007;17.8
Bangladesh;2008;17.6
Bangladesh;2009;17.1
Bangladesh;2010;17
Bangladesh;2011;16.8
Bangladesh;2012;16.2
Bangladesh;2013;15.5
Bangladesh;2014;15.4
Bangladesh;2015;14.8
Bangladesh;;
Bangladesh;_1;
Barbados;2000;2
Barbados;2001;2.1
Barbados;2002;1.9
Barbados;2003;2
Barbados;2004;1.6
Barbados;2005;1.6
Barbados;2006;1.5
Barbados;2007;1.3
Barbados;2008;1.2
Barbados;2009;1.4
Barbados;2010;1.3
Barbados;2011;1.2
Barbados;2012;1.3
Barbados;2013;1.4
Barbados;2014;1.4
Barbados;2015;1.3
Barbados;;
Barbados;_1;
Belarus;2000;12.1
Belarus;2001;10.4
Belarus;2002;10.1
Belarus;2003;8.6
Belarus;2004;8.9
Belarus;2005;8.5
Belarus;2006;8.6
Belarus;2007;8.3
Belarus;2008;8.7
Belarus;2009;8.1
Belarus;2010;8.9
Belarus;2011;8
Belarus;2012;8.1
Belarus;2013;6.8
Belarus;2014;7.3
Belarus;2015;6.3
Belarus;;
Belarus;_1;
Belgium;2000;1.2
Belgium;2001;1.1
Belgium;2002;1
Belgium;2003;1
Belgium;2004;1
Belgium;2005;0.8
Belgium;2006;0.9
Belgium;2007;0.9
Belgium;2008;0.7
Belgium;2009;0.6
Belgium;2010;0.8
Belgium;2011;0.6
Belgium;2012;0.8
Belgium;2013;0.7
Belgium;2014;0.6
Belgium;2015;0.7
Belgium;;
Belgium;_1;
Belize;2000;10.9
Belize;2001;9.6
Belize;2002;9.3
Belize;2003;10.5
Belize;2004;10.4
Belize;2005;9.8
Belize;2006;9.6
Belize;2007;8.7
Belize;2008;8.4
Belize;2009;8.6
Belize;2010;8.8
Belize;2011;8.9
Belize;2012;10.5
Belize;2013;10.1
Belize;2014;10.2
Belize;2015;9.5
Belize;;
Belize;_1;
Benin;2000;23.5
Benin;2001;25
Benin;2002;25.4
Benin;2003;24.5
Benin;2004;26.5
Benin;2005;26.7
Benin;2006;26.6
Benin;2007;27
Benin;2008;26.8
Benin;2009;27
Benin;2010;25.8
Benin;2011;25.8
Benin;2012;25.8
Benin;2013;25.3
Benin;2014;25.6
Benin;2015;26.4
Benin;;
Benin;_1;
Bermuda;2000;0.7
Bermuda;2001;0.7
Bermuda;2002;0.8
Bermuda;2003;0.8
Bermuda;2004;0.8
Bermuda;2005;0.8
Bermuda;2006;..
Bermuda;2007;..
Bermuda;2008;..
Bermuda;2009;..
Bermuda;2010;0.3
Bermuda;2011;0.3
Bermuda;2012;0.3
Bermuda;2013;0.3
Bermuda;2014;0.2
Bermuda;2015;0.2
Bermuda;;
Bermuda;_1;
Bhutan;2000;24.3
Bhutan;2001;23.2
Bhutan;2002;23.2
Bhutan;2003;22.1
Bhutan;2004;21.7
Bhutan;2005;20.2
Bhutan;2006;19.4
Bhutan;2007;16.7
Bhutan;2008;16.4
Bhutan;2009;16.2
Bhutan;2010;14.8
Bhutan;2011;14.3
Bhutan;2012;14
Bhutan;2013;14.1
Bhutan;2014;14.5
Bhutan;2015;14.4
Bhutan;;
Bhutan;_1;
Bolivia;2000;13
Bolivia;2001;13.3
Bolivia;2002;13
Bolivia;2003;13.4
Bolivia;2004;13.3
Bolivia;2005;11.8
Bolivia;2006;10.9
Bolivia;2007;10
Bolivia;2008;10.4
Bolivia;2009;11.2
Bolivia;2010;10.4
Bolivia;2011;9.8
Bolivia;2012;9.8
Bolivia;2013;10
Bolivia;2014;9.7
Bolivia;2015;10.2
Bolivia;;
Bolivia;_1;
Bosnia and Herzegovina;2000;9
Bosnia and Herzegovina;2001;9.1
Bosnia and Herzegovina;2002;8.9
Bosnia and Herzegovina;2003;8.1
Bosnia and Herzegovina;2004;8.6
Bosnia and Herzegovina;2005;8.3
Bosnia and Herzegovina;2006;8.1
Bosnia and Herzegovina;2007;7.7
Bosnia and Herzegovina;2008;7.2
Bosnia and Herzegovina;2009;7.1
Bosnia and Herzegovina;2010;6.8
Bosnia and Herzegovina;2011;6.8
Bosnia and Herzegovina;2012;6.1
Bosnia and Herzegovina;2013;6.8
Bosnia and Herzegovina;2014;6
Bosnia and Herzegovina;2015;6.2
Bosnia and Herzegovina;;
Bosnia and Herzegovina;_1;
Botswana;2000;2.8
Botswana;2001;2.6
Botswana;2002;2.4
Botswana;2003;2.7
Botswana;2004;2.3
Botswana;2005;1.8
Botswana;2006;1.7
Botswana;2007;1.9
Botswana;2008;2.1
Botswana;2009;2.4
Botswana;2010;2.1
Botswana;2011;2.1
Botswana;2012;2.3
Botswana;2013;2
Botswana;2014;1.8
Botswana;2015;1.9
Botswana;;
Botswana;_1;
Brazil;2000;4.8
Brazil;2001;4.8
Brazil;2002;5.5
Brazil;2003;6.2
Brazil;2004;5.7
Brazil;2005;4.7
Brazil;2006;4.4
Brazil;2007;4.4
Brazil;2008;4.6
Brazil;2009;4.5
Brazil;2010;4.1
Brazil;2011;4.3
Brazil;2012;4.2
Brazil;2013;4.5
Brazil;2014;4.3
Brazil;2015;4.3
Brazil;;
Brazil;_1;
British Virgin Islands;2000;..
British Virgin Islands;2001;..
British Virgin Islands;2002;..
British Virgin Islands;2003;..
British Virgin Islands;2004;..
British Virgin Islands;2005;..
British Virgin Islands;2006;..
British Virgin Islands;2007;..
British Virgin Islands;2008;..
British Virgin Islands;2009;..
British Virgin Islands;2010;..
British Virgin Islands;2011;..
British Virgin Islands;2012;..
British Virgin Islands;2013;..
British Virgin Islands;2014;..
British Virgin Islands;2015;..
British Virgin Islands;;
British Virgin Islands;_1;
Brunei Darussalam;2000;1
Brunei Darussalam;2001;1.1
Brunei Darussalam;2002;1.1
Brunei Darussalam;2003;1.2
Brunei Darussalam;2004;1.1
Brunei Darussalam;2005;0.9
Brunei Darussalam;2006;0.7
Brunei Darussalam;2007;0.7
Brunei Darussalam;2008;0.6
Brunei Darussalam;2009;0.9
Brunei Darussalam;2010;0.7
Brunei Darussalam;2011;0.6
Brunei Darussalam;2012;0.7
Brunei Darussalam;2013;0.7
Brunei Darussalam;2014;0.9
Brunei Darussalam;2015;1.1
Brunei Darussalam;;
Brunei Darussalam;_1;
Bulgaria;2000;11
Bulgaria;2001;10.6
Bulgaria;2002;9.7
Bulgaria;2003;9.1
Bulgaria;2004;8.5
Bulgaria;2005;7.3
Bulgaria;2006;6.1
Bulgaria;2007;4.7
Bulgaria;2008;5.9
Bulgaria;2009;4.2
Bulgaria;2010;4
Bulgaria;2011;4.7
Bulgaria;2012;4.4
Bulgaria;2013;4.5
Bulgaria;2014;4.6
Bulgaria;2015;4.1
Bulgaria;;
Bulgaria;_1;
Burkina Faso;2000;24.9
Burkina Faso;2001;26.9
Burkina Faso;2002;26.4
Burkina Faso;2003;26
Burkina Faso;2004;23.4
Burkina Faso;2005;26.8
Burkina Faso;2006;25.2
Burkina Faso;2007;21.8
Burkina Faso;2008;27.3
Burkina Faso;2009;23.2
Burkina Faso;2010;24.1
Burkina Faso;2011;23
Burkina Faso;2012;23.8
Burkina Faso;2013;23.6
Burkina Faso;2014;23.7
Burkina Faso;2015;22.6
Burkina Faso;;
Burkina Faso;_1;
Burundi;2000;44.1
Burundi;2001;43.8
Burundi;2002;43.3
Burundi;2003;42.8
Burundi;2004;41.9
Burundi;2005;40.8
Burundi;2006;40.6
Burundi;2007;34.9
Burundi;2008;38
Burundi;2009;36.7
Burundi;2010;38.4
Burundi;2011;36.7
Burundi;2012;35.4
Burundi;2013;38.4
Burundi;2014;35
Burundi;2015;30.7
Burundi;;
Burundi;_1;
Cabo Verde;2000;12.9
Cabo Verde;2001;11.4
Cabo Verde;2002;10.4
Cabo Verde;2003;10.1
Cabo Verde;2004;9.9
Cabo Verde;2005;9
Cabo Verde;2006;8.3
Cabo Verde;2007;8.5
Cabo Verde;2008;7.8
Cabo Verde;2009;8.3
Cabo Verde;2010;8
Cabo Verde;2011;7.8
Cabo Verde;2012;8.4
Cabo Verde;2013;8.3
Cabo Verde;2014;8
Cabo Verde;2015;8.7
Cabo Verde;;
Cabo Verde;_1;
Cambodia;2000;35.9
Cambodia;2001;34.3
Cambodia;2002;31.1
Cambodia;2003;32
Cambodia;2004;29.4
Cambodia;2005;30.7
Cambodia;2006;30.1
Cambodia;2007;29.7
Cambodia;2008;32.8
Cambodia;2009;33.5
Cambodia;2010;33.9
Cambodia;2011;34.6
Cambodia;2012;33.5
Cambodia;2013;31.6
Cambodia;2014;28.9
Cambodia;2015;26.6
Cambodia;;
Cambodia;_1;
Cameroon;2000;18.1
Cameroon;2001;18.6
Cameroon;2002;18.3
Cameroon;2003;17.5
Cameroon;2004;17.6
Cameroon;2005;16.7
Cameroon;2006;15.6
Cameroon;2007;15.9
Cameroon;2008;16
Cameroon;2009;16.4
Cameroon;2010;17.3
Cameroon;2011;16.7
Cameroon;2012;16.7
Cameroon;2013;16.7
Cameroon;2014;16.8
Cameroon;2015;17.2
Cameroon;;
Cameroon;_1;
Canada;2000;2.1
Canada;2001;2.1
Canada;2002;2
Canada;2003;2.1
Canada;2004;2.2
Canada;2005;1.9
Canada;2006;1.7
Canada;2007;1.6
Canada;2008;1.8
Canada;2009;1.5
Canada;2010;1.5
Canada;2011;1.8
Canada;2012;1.8
Canada;2013;1.9
Canada;2014;1.6
Canada;2015;1.9
Canada;;
Canada;_1;
Cayman Islands;2000;..
Cayman Islands;2001;..
Cayman Islands;2002;..
Cayman Islands;2003;..
Cayman Islands;2004;..
Cayman Islands;2005;..
Cayman Islands;2006;0.2
Cayman Islands;2007;0.2
Cayman Islands;2008;0.3
Cayman Islands;2009;0.3
Cayman Islands;2010;0.3
Cayman Islands;2011;0.3
Cayman Islands;2012;0.3
Cayman Islands;2013;0.3
Cayman Islands;2014;0.4
Cayman Islands;2015;0.4
Cayman Islands;;
Cayman Islands;_1;
Central African Republic;2000;..
Central African Republic;2001;..
Central African Republic;2002;..
Central African Republic;2003;..
Central African Republic;2004;..
Central African Republic;2005;..
Central African Republic;2006;..
Central African Republic;2007;..
Central African Republic;2008;..
Central African Republic;2009;38.3
Central African Republic;2010;37.4
Central African Republic;2011;37.6
Central African Republic;2012;36.8
Central African Republic;2013;32.3
Central African Republic;2014;34
Central African Republic;2015;31.5
Central African Republic;;
Central African Republic;_1;
Chad;2000;40.7
Chad;2001;40.3
Chad;2002;37.9
Chad;2003;32.3
Chad;2004;22.9
Chad;2005;53.8
Chad;2006;55.8
Chad;2007;54.7
Chad;2008;54.6
Chad;2009;46.5
Chad;2010;51.9
Chad;2011;51.2
Chad;2012;54.9
Chad;2013;50
Chad;2014;50.6
Chad;2015;50.4
Chad;;
Chad;_1;
Channel Islands;2000;..
Channel Islands;2001;..
Channel Islands;2002;..
Channel Islands;2003;..
Channel Islands;2004;..
Channel Islands;2005;..
Channel Islands;2006;..
Channel Islands;2007;..
Channel Islands;2008;..
Channel Islands;2009;..
Channel Islands;2010;..
Channel Islands;2011;..
Channel Islands;2012;..
Channel Islands;2013;..
Channel Islands;2014;..
Channel Islands;2015;..
Channel Islands;;
Channel Islands;_1;
Chile;2000;5.1
Chile;2001;4.1
Chile;2002;4.1
Chile;2003;4.1
Chile;2004;3.8
Chile;2005;3.9
Chile;2006;3.7
Chile;2007;3.6
Chile;2008;3.4
Chile;2009;3.7
Chile;2010;3.5
Chile;2011;3.6
Chile;2012;3.3
Chile;2013;3.5
Chile;2014;3.9
Chile;2015;3.7
Chile;;
Chile;_1;
China;2000;14.7
China;2001;14
China;2002;13.3
China;2003;12.3
China;2004;12.9
China;2005;11.6
China;2006;10.6
China;2007;10.2
China;2008;10.2
China;2009;9.6
China;2010;9.3
China;2011;9.2
China;2012;9.1
China;2013;8.9
China;2014;8.6
China;2015;8.4
China;;
China;_1;
Colombia;2000;8.3
Colombia;2001;8.3
Colombia;2002;8.5
Colombia;2003;8.3
Colombia;2004;7.9
Colombia;2005;7.5
Colombia;2006;7.2
Colombia;2007;6.9
Colombia;2008;6.7
Colombia;2009;6.7
Colombia;2010;6.3
Colombia;2011;6.1
Colombia;2012;5.6
Colombia;2013;5.4
Colombia;2014;5.4
Colombia;2015;6
Colombia;;
Colombia;_1;
Comoros;2000;29.4
Comoros;2001;29.4
Comoros;2002;29.4
Comoros;2003;29.4
Comoros;2004;29.4
Comoros;2005;29.4
Comoros;2006;29.4
Comoros;2007;29
Comoros;2008;29.1
Comoros;2009;30
Comoros;2010;30.4
Comoros;2011;30.6
Comoros;2012;30.2
Comoros;2013;30.8
Comoros;2014;30
Comoros;2015;30.6
Comoros;;
Comoros;_1;
Congo, Dem. Rep.;2000;32
Congo, Dem. Rep.;2001;32.9
Congo, Dem. Rep.;2002;26.6
Congo, Dem. Rep.;2003;26.1
Congo, Dem. Rep.;2004;23.9
Congo, Dem. Rep.;2005;21.6
Congo, Dem. Rep.;2006;21.2
Congo, Dem. Rep.;2007;21.6
Congo, Dem. Rep.;2008;22.6
Congo, Dem. Rep.;2009;23.7
Congo, Dem. Rep.;2010;21.4
Congo, Dem. Rep.;2011;20.9
Congo, Dem. Rep.;2012;20.4
Congo, Dem. Rep.;2013;19.3
Congo, Dem. Rep.;2014;18.6
Congo, Dem. Rep.;2015;18.4
Congo, Dem. Rep.;;
Congo, Dem. Rep.;_1;
Congo, Rep.;2000;5.3
Congo, Rep.;2001;5.8
Congo, Rep.;2002;6.3
Congo, Rep.;2003;6.3
Congo, Rep.;2004;5.5
Congo, Rep.;2005;6.1
Congo, Rep.;2006;4.8
Congo, Rep.;2007;4.9
Congo, Rep.;2008;4.2
Congo, Rep.;2009;5.3
Congo, Rep.;2010;4
Congo, Rep.;2011;4
Congo, Rep.;2012;3.8
Congo, Rep.;2013;4.3
Congo, Rep.;2014;4.5
Congo, Rep.;2015;5.9
Congo, Rep.;;
Congo, Rep.;_1;
Costa Rica;2000;9.2
Costa Rica;2001;8.4
Costa Rica;2002;8.4
Costa Rica;2003;8.8
Costa Rica;2004;8.9
Costa Rica;2005;8.6
Costa Rica;2006;8.4
Costa Rica;2007;7.9
Costa Rica;2008;7
Costa Rica;2009;7
Costa Rica;2010;6.5
Costa Rica;2011;5.6
Costa Rica;2012;5.1
Costa Rica;2013;4.8
Costa Rica;2014;4.9
Costa Rica;2015;4.7
Costa Rica;;
Costa Rica;_1;
Cote d'Ivoire;2000;16.2
Cote d'Ivoire;2001;17.3
Cote d'Ivoire;2002;18.7
Cote d'Ivoire;2003;20.8
Cote d'Ivoire;2004;16.6
Cote d'Ivoire;2005;16.1
Cote d'Ivoire;2006;15.9
Cote d'Ivoire;2007;15.6
Cote d'Ivoire;2008;16.2
Cote d'Ivoire;2009;15.2
Cote d'Ivoire;2010;17.5
Cote d'Ivoire;2011;18.5
Cote d'Ivoire;2012;16.4
Cote d'Ivoire;2013;15.3
Cote d'Ivoire;2014;15.2
Cote d'Ivoire;2015;18.4
Cote d'Ivoire;;
Cote d'Ivoire;_1;
Croatia;2000;5
Croatia;2001;5
Croatia;2002;4.8
Croatia;2003;3.9
Croatia;2004;4.4
Croatia;2005;3.9
Croatia;2006;4
Croatia;2007;3.7
Croatia;2008;3.9
Croatia;2009;4
Croatia;2010;3.7
Croatia;2011;3.6
Croatia;2012;3.3
Croatia;2013;3.5
Croatia;2014;2.9
Croatia;2015;3
Croatia;;
Croatia;_1;
Cuba;2000;6.6
Cuba;2001;6.4
Cuba;2002;5.9
Cuba;2003;5.7
Cuba;2004;5.5
Cuba;2005;4.4
Cuba;2006;3.4
Cuba;2007;3.9
Cuba;2008;3.8
Cuba;2009;3.9
Cuba;2010;3.6
Cuba;2011;3.6
Cuba;2012;3.9
Cuba;2013;3.9
Cuba;2014;3.9
Cuba;2015;3.8
Cuba;;
Cuba;_1;
Curacao;2000;0.5
Curacao;2001;0.9
Curacao;2002;0.6
Curacao;2003;0.6
Curacao;2004;0.6
Curacao;2005;0.6
Curacao;2006;0.6
Curacao;2007;0.6
Curacao;2008;0.6
Curacao;2009;0.5
Curacao;2010;0.4
Curacao;2011;0.3
Curacao;2012;0.2
Curacao;2013;0.2
Curacao;2014;0.2
Curacao;2015;0.2
Curacao;;
Curacao;_1;
Cyprus;2000;3.6
Cyprus;2001;3.9
Cyprus;2002;3.8
Cyprus;2003;3.4
Cyprus;2004;3.1
Cyprus;2005;2.7
Cyprus;2006;2.3
Cyprus;2007;2
Cyprus;2008;2.1
Cyprus;2009;2
Cyprus;2010;2.1
Cyprus;2011;2.1
Cyprus;2012;2
Cyprus;2013;2
Cyprus;2014;1.8
Cyprus;2015;1.9
Cyprus;;
Cyprus;_1;
Czechia;2000;3.3
Czechia;2001;3.2
Czechia;2002;2.7
Czechia;2003;2.4
Czechia;2004;2.4
Czechia;2005;2.3
Czechia;2006;2.2
Czechia;2007;2.1
Czechia;2008;1.9
Czechia;2009;1.8
Czechia;2010;1.5
Czechia;2011;2
Czechia;2012;2.3
Czechia;2013;2.4
Czechia;2014;2.4
Czechia;2015;2.2
Czechia;;
Czechia;_1;
Denmark;2000;2.2
Denmark;2001;2.3
Denmark;2002;1.8
Denmark;2003;1.6
Denmark;2004;1.6
Denmark;2005;1.1
Denmark;2006;1.2
Denmark;2007;1.2
Denmark;2008;0.9
Denmark;2009;0.8
Denmark;2010;1.2
Denmark;2011;1.3
Denmark;2012;1.7
Denmark;2013;1.3
Denmark;2014;1.4
Denmark;2015;1
Denmark;;
Denmark;_1;
Djibouti;2000;..
Djibouti;2001;..
Djibouti;2002;..
Djibouti;2003;..
Djibouti;2004;..
Djibouti;2005;..
Djibouti;2006;..
Djibouti;2007;..
Djibouti;2008;..
Djibouti;2009;..
Djibouti;2010;..
Djibouti;2011;..
Djibouti;2012;..
Djibouti;2013;1.2
Djibouti;2014;1.2
Djibouti;2015;1.1
Djibouti;;
Djibouti;_1;
Dominica;2000;11.9
Dominica;2001;11.3
Dominica;2002;10.8
Dominica;2003;11
Dominica;2004;11.2
Dominica;2005;11.5
Dominica;2006;10.5
Dominica;2007;10.4
Dominica;2008;11.6
Dominica;2009;12.6
Dominica;2010;11.5
Dominica;2011;12.5
Dominica;2012;12
Dominica;2013;14
Dominica;2014;13.5
Dominica;2015;14.1
Dominica;;
Dominica;_1;
Dominican Republic;2000;6.7
Dominican Republic;2001;7
Dominican Republic;2002;6.8
Dominican Republic;2003;6.7
Dominican Republic;2004;7
Dominican Republic;2005;7.2
Dominican Republic;2006;6.9
Dominican Republic;2007;6.5
Dominican Republic;2008;6.3
Dominican Republic;2009;6.1
Dominican Republic;2010;6.1
Dominican Republic;2011;5.6
Dominican Republic;2012;5.4
Dominican Republic;2013;5.3
Dominican Republic;2014;5.2
Dominican Republic;2015;5.5
Dominican Republic;;
Dominican Republic;_1;
Ecuador;2000;15.4
Ecuador;2001;12.7
Ecuador;2002;11.2
Ecuador;2003;10.8
Ecuador;2004;9.7
Ecuador;2005;9.5
Ecuador;2006;9.4
Ecuador;2007;9.4
Ecuador;2008;9
Ecuador;2009;9.9
Ecuador;2010;9.7
Ecuador;2011;9.6
Ecuador;2012;8.6
Ecuador;2013;8.8
Ecuador;2014;9.1
Ecuador;2015;9.5
Ecuador;;
Ecuador;_1;
Egypt, Arab Rep.;2000;15.5
Egypt, Arab Rep.;2001;15.4
Egypt, Arab Rep.;2002;15.4
Egypt, Arab Rep.;2003;15.3
Egypt, Arab Rep.;2004;14.3
Egypt, Arab Rep.;2005;14
Egypt, Arab Rep.;2006;13.2
Egypt, Arab Rep.;2007;13.4
Egypt, Arab Rep.;2008;12.6
Egypt, Arab Rep.;2009;13
Egypt, Arab Rep.;2010;13.3
Egypt, Arab Rep.;2011;13.9
Egypt, Arab Rep.;2012;11.3
Egypt, Arab Rep.;2013;11.3
Egypt, Arab Rep.;2014;11.3
Egypt, Arab Rep.;2015;11.4
Egypt, Arab Rep.;;
Egypt, Arab Rep.;_1;
El Salvador;2000;7.2
El Salvador;2001;6.7
El Salvador;2002;5.8
El Salvador;2003;5.5
El Salvador;2004;5.7
El Salvador;2005;6.2
El Salvador;2006;6
El Salvador;2007;7
El Salvador;2008;7.1
El Salvador;2009;6.7
El Salvador;2010;7
El Salvador;2011;7.3
El Salvador;2012;6.5
El Salvador;2013;5.6
El Salvador;2014;5.9
El Salvador;2015;5.5
El Salvador;;
El Salvador;_1;
Equatorial Guinea;2000;..
Equatorial Guinea;2001;..
Equatorial Guinea;2002;..
Equatorial Guinea;2003;..
Equatorial Guinea;2004;..
Equatorial Guinea;2005;..
Equatorial Guinea;2006;1.5
Equatorial Guinea;2007;1.4
Equatorial Guinea;2008;0.9
Equatorial Guinea;2009;1.1
Equatorial Guinea;2010;1.1
Equatorial Guinea;2011;1.1
Equatorial Guinea;2012;1.1
Equatorial Guinea;2013;1.2
Equatorial Guinea;2014;1.3
Equatorial Guinea;2015;1.9
Equatorial Guinea;;
Equatorial Guinea;_1;
Eritrea;2000;12.6
Eritrea;2001;15.2
Eritrea;2002;13.6
Eritrea;2003;11.8
Eritrea;2004;10.6
Eritrea;2005;22.6
Eritrea;2006;24.6
Eritrea;2007;24.3
Eritrea;2008;16.8
Eritrea;2009;14.1
Eritrea;2010;..
Eritrea;2011;..
Eritrea;2012;..
Eritrea;2013;..
Eritrea;2014;..
Eritrea;2015;..
Eritrea;;
Eritrea;_1;
Estonia;2000;3.9
Estonia;2001;3.5
Estonia;2002;3.6
Estonia;2003;3.5
Estonia;2004;3.6
Estonia;2005;3.3
Estonia;2006;3.1
Estonia;2007;3.9
Estonia;2008;3.4
Estonia;2009;2.5
Estonia;2010;3.2
Estonia;2011;3.7
Estonia;2012;3.3
Estonia;2013;3.1
Estonia;2014;3.2
Estonia;2015;2.9
Estonia;;
Estonia;_1;
Ethiopia;2000;44.7
Ethiopia;2001;42.3
Ethiopia;2002;38.7
Ethiopia;2003;37.3
Ethiopia;2004;38.7
Ethiopia;2005;41.2
Ethiopia;2006;42.5
Ethiopia;2007;42.3
Ethiopia;2008;45.2
Ethiopia;2009;45.9
Ethiopia;2010;41.4
Ethiopia;2011;41.2
Ethiopia;2012;44.3
Ethiopia;2013;41.2
Ethiopia;2014;38.5
Ethiopia;2015;36.1
Ethiopia;;
Ethiopia;_1;
Faroe Islands;2000;18
Faroe Islands;2001;18
Faroe Islands;2002;15.4
Faroe Islands;2003;12
Faroe Islands;2004;11.9
Faroe Islands;2005;11.5
Faroe Islands;2006;13.8
Faroe Islands;2007;12.4
Faroe Islands;2008;9.5
Faroe Islands;2009;10
Faroe Islands;2010;14.8
Faroe Islands;2011;14.4
Faroe Islands;2012;12.2
Faroe Islands;2013;14.8
Faroe Islands;2014;15
Faroe Islands;2015;15.7
Faroe Islands;;
Faroe Islands;_1;
Fiji;2000;15
Fiji;2001;13
Fiji;2002;13.3
Fiji;2003;12.5
Fiji;2004;12.3
Fiji;2005;12.1
Fiji;2006;12.4
Fiji;2007;11.9
Fiji;2008;10.7
Fiji;2009;10.1
Fiji;2010;9.4
Fiji;2011;9.2
Fiji;2012;9.7
Fiji;2013;10.1
Fiji;2014;8.1
Fiji;2015;7.9
Fiji;;
Fiji;_1;
Finland;2000;3
Finland;2001;2.8
Finland;2002;2.7
Finland;2003;2.5
Finland;2004;2.4
Finland;2005;2.3
Finland;2006;2
Finland;2007;2.4
Finland;2008;2.2
Finland;2009;2.3
Finland;2010;2.4
Finland;2011;2.3
Finland;2012;2.3
Finland;2013;2.4
Finland;2014;2.4
Finland;2015;2.3
Finland;;
Finland;_1;
France;2000;2.1
France;2001;2.1
France;2002;2
France;2003;1.9
France;2004;1.8
France;2005;1.7
France;2006;1.5
France;2007;1.6
France;2008;1.5
France;2009;1.3
France;2010;1.6
France;2011;1.7
France;2012;1.6
France;2013;1.5
France;2014;1.6
France;2015;1.6
France;;
France;_1;
French Polynesia;2000;4.5
French Polynesia;2001;..
French Polynesia;2002;..
French Polynesia;2003;..
French Polynesia;2004;..
French Polynesia;2005;..
French Polynesia;2006;..
French Polynesia;2007;..
French Polynesia;2008;..
French Polynesia;2009;..
French Polynesia;2010;..
French Polynesia;2011;..
French Polynesia;2012;..
French Polynesia;2013;..
French Polynesia;2014;..
French Polynesia;2015;..
French Polynesia;;
French Polynesia;_1;
Gabon;2000;6.2
Gabon;2001;6.1
Gabon;2002;5.7
Gabon;2003;6
Gabon;2004;5.5
Gabon;2005;5
Gabon;2006;4.9
Gabon;2007;5
Gabon;2008;4.2
Gabon;2009;5
Gabon;2010;3.9
Gabon;2011;3.4
Gabon;2012;3.4
Gabon;2013;3.3
Gabon;2014;3.6
Gabon;2015;4.3
Gabon;;
Gabon;_1;
Gambia, The;2000;24.5
Gambia, The;2001;25.4
Gambia, The;2002;24.1
Gambia, The;2003;26.7
Gambia, The;2004;31.5
Gambia, The;2005;32.1
Gambia, The;2006;25.6
Gambia, The;2007;23.6
Gambia, The;2008;29.8
Gambia, The;2009;31.7
Gambia, The;2010;35.2
Gambia, The;2011;27.2
Gambia, The;2012;27.4
Gambia, The;2013;26.2
Gambia, The;2014;22.5
Gambia, The;2015;22.2
Gambia, The;;
Gambia, The;_1;
Georgia;2000;20.6
Georgia;2001;21
Georgia;2002;19.2
Georgia;2003;19.3
Georgia;2004;16.4
Georgia;2005;14.8
Georgia;2006;11.2
Georgia;2007;9.2
Georgia;2008;8.1
Georgia;2009;8.1
Georgia;2010;8.5
Georgia;2011;9.1
Georgia;2012;8.2
Georgia;2013;8.6
Georgia;2014;8.5
Georgia;2015;7.8
Georgia;;
Georgia;_1;
Germany;2000;1
Germany;2001;1.1
Germany;2002;0.9
Germany;2003;0.8
Germany;2004;1
Germany;2005;0.7
Germany;2006;0.7
Germany;2007;0.8
Germany;2008;0.8
Germany;2009;0.7
Germany;2010;0.8
Germany;2011;0.9
Germany;2012;0.8
Germany;2013;0.9
Germany;2014;0.9
Germany;2015;0.7
Germany;;
Germany;_1;
Ghana;2000;35.3
Ghana;2001;35.2
Ghana;2002;35.1
Ghana;2003;36.5
Ghana;2004;38
Ghana;2005;37.5
Ghana;2006;28.9
Ghana;2007;27.3
Ghana;2008;29.4
Ghana;2009;31
Ghana;2010;28
Ghana;2011;23.7
Ghana;2012;22.1
Ghana;2013;20.4
Ghana;2014;19.6
Ghana;2015;20
Ghana;;
Ghana;_1;
Gibraltar;2000;..
Gibraltar;2001;..
Gibraltar;2002;..
Gibraltar;2003;..
Gibraltar;2004;..
Gibraltar;2005;..
Gibraltar;2006;..
Gibraltar;2007;..
Gibraltar;2008;..
Gibraltar;2009;..
Gibraltar;2010;..
Gibraltar;2011;..
Gibraltar;2012;..
Gibraltar;2013;..
Gibraltar;2014;..
Gibraltar;2015;..
Gibraltar;;
Gibraltar;_1;
Greece;2000;5.4
Greece;2001;5.2
Greece;2002;5
Greece;2003;5
Greece;2004;4.3
Greece;2005;4.3
Greece;2006;3.2
Greece;2007;3
Greece;2008;2.8
Greece;2009;2.8
Greece;2010;3
Greece;2011;3.1
Greece;2012;3.4
Greece;2013;3.4
Greece;2014;3.6
Greece;2015;3.9
Greece;;
Greece;_1;
Greenland;2000;..
Greenland;2001;..
Greenland;2002;..
Greenland;2003;17.9
Greenland;2004;16.4
Greenland;2005;16.9
Greenland;2006;16.2
Greenland;2007;14.3
Greenland;2008;14.7
Greenland;2009;11.6
Greenland;2010;13.4
Greenland;2011;14.6
Greenland;2012;16.2
Greenland;2013;15
Greenland;2014;17.3
Greenland;2015;17
Greenland;;
Greenland;_1;
Grenada;2000;5.2
Grenada;2001;5.4
Grenada;2002;6.3
Grenada;2003;5.9
Grenada;2004;5
Grenada;2005;3
Grenada;2006;3.9
Grenada;2007;3.6
Grenada;2008;3.8
Grenada;2009;4.6
Grenada;2010;4.5
Grenada;2011;4.4
Grenada;2012;4.8
Grenada;2013;4.8
Grenada;2014;6.1
Grenada;2015;7.4
Grenada;;
Grenada;_1;
Guam;2000;..
Guam;2001;..
Guam;2002;..
Guam;2003;..
Guam;2004;..
Guam;2005;..
Guam;2006;..
Guam;2007;..
Guam;2008;..
Guam;2009;..
Guam;2010;..
Guam;2011;..
Guam;2012;..
Guam;2013;..
Guam;2014;..
Guam;2015;..
Guam;;
Guam;_1;
Guatemala;2000;22.8
Guatemala;2001;14.2
Guatemala;2002;14.2
Guatemala;2003;13.5
Guatemala;2004;13.1
Guatemala;2005;12.6
Guatemala;2006;11.4
Guatemala;2007;11.6
Guatemala;2008;11.3
Guatemala;2009;11.8
Guatemala;2010;11.2
Guatemala;2011;11.3
Guatemala;2012;10.7
Guatemala;2013;10.4
Guatemala;2014;10.1
Guatemala;2015;10
Guatemala;;
Guatemala;_1;
Guinea;2000;21
Guinea;2001;21.7
Guinea;2002;21.6
Guinea;2003;20.8
Guinea;2004;23.3
Guinea;2005;22.3
Guinea;2006;15.6
Guinea;2007;16.8
Guinea;2008;16
Guinea;2009;16.4
Guinea;2010;17.5
Guinea;2011;16.1
Guinea;2012;16.8
Guinea;2013;17.5
Guinea;2014;17.5
Guinea;2015;18.5
Guinea;;
Guinea;_1;
Guinea-Bissau;2000;41.7
Guinea-Bissau;2001;37.5
Guinea-Bissau;2002;41.8
Guinea-Bissau;2003;42.3
Guinea-Bissau;2004;42
Guinea-Bissau;2005;44.4
Guinea-Bissau;2006;42.3
Guinea-Bissau;2007;43.2
Guinea-Bissau;2008;46.7
Guinea-Bissau;2009;44
Guinea-Bissau;2010;45.1
Guinea-Bissau;2011;45
Guinea-Bissau;2012;46.9
Guinea-Bissau;2013;44.1
Guinea-Bissau;2014;41.1
Guinea-Bissau;2015;46.8
Guinea-Bissau;;
Guinea-Bissau;_1;
Guyana;2000;30
Guyana;2001;29.7
Guyana;2002;30.9
Guyana;2003;32.1
Guyana;2004;31.5
Guyana;2005;28.9
Guyana;2006;34
Guyana;2007;30.4
Guyana;2008;31.7
Guyana;2009;29.4
Guyana;2010;28.5
Guyana;2011;25.7
Guyana;2012;25.4
Guyana;2013;25.6
Guyana;2014;24.6
Guyana;2015;25.4
Guyana;;
Guyana;_1;
Haiti;2000;17.2
Haiti;2001;16.5
Haiti;2002;15.8
Haiti;2003;16.2
Haiti;2004;15.8
Haiti;2005;18.1
Haiti;2006;17.7
Haiti;2007;19.1
Haiti;2008;18.4
Haiti;2009;18.8
Haiti;2010;20.2
Haiti;2011;20
Haiti;2012;19.5
Haiti;2013;19.3
Haiti;2014;17.8
Haiti;2015;17.2
Haiti;;
Haiti;_1;
Honduras;2000;14.4
Honduras;2001;13.2
Honduras;2002;12.2
Honduras;2003;11.6
Honduras;2004;12.2
Honduras;2005;12.5
Honduras;2006;11.9
Honduras;2007;11.9
Honduras;2008;12.2
Honduras;2009;10.8
Honduras;2010;11.6
Honduras;2011;14.2
Honduras;2012;13.6
Honduras;2013;12.2
Honduras;2014;12.5
Honduras;2015;12.2
Honduras;;
Honduras;_1;
Hong Kong SAR, China;2000;0.1
Hong Kong SAR, China;2001;0.1
Hong Kong SAR, China;2002;0.1
Hong Kong SAR, China;2003;0.1
Hong Kong SAR, China;2004;0.1
Hong Kong SAR, China;2005;0.1
Hong Kong SAR, China;2006;0.1
Hong Kong SAR, China;2007;0.1
Hong Kong SAR, China;2008;0.1
Hong Kong SAR, China;2009;0.1
Hong Kong SAR, China;2010;0.1
Hong Kong SAR, China;2011;0
Hong Kong SAR, China;2012;0.1
Hong Kong SAR, China;2013;0.1
Hong Kong SAR, China;2014;0.1
Hong Kong SAR, China;2015;0.1
Hong Kong SAR, China;;
Hong Kong SAR, China;_1;
Hungary;2000;4.9
Hungary;2001;4.9
Hungary;2002;4.3
Hungary;2003;3.9
Hungary;2004;4.4
Hungary;2005;3.7
Hungary;2006;3.5
Hungary;2007;3.5
Hungary;2008;3.5
Hungary;2009;3.1
Hungary;2010;3
Hungary;2011;4
Hungary;2012;3.9
Hungary;2013;3.9
Hungary;2014;3.9
Hungary;2015;3.8
Hungary;;
Hungary;_1;
Iceland;2000;7
Iceland;2001;7.5
Iceland;2002;7.5
Iceland;2003;6.4
Iceland;2004;5.3
Iceland;2005;4.7
Iceland;2006;4.8
Iceland;2007;4.1
Iceland;2008;4.8
Iceland;2009;5.6
Iceland;2010;6.3
Iceland;2011;6.4
Iceland;2012;6.6
Iceland;2013;5.8
Iceland;2014;5.3
Iceland;2015;5.3
Iceland;;
Iceland;_1;
India;2000;21.6
India;2001;21.6
India;2002;19.5
India;2003;19.6
India;2004;17.8
India;2005;17.6
India;2006;16.8
India;2007;16.8
India;2008;16.8
India;2009;16.7
India;2010;17
India;2011;17.2
India;2012;16.8
India;2013;17.1
India;2014;16.8
India;2015;16.2
India;;
India;_1;
Indonesia;2000;15.7
Indonesia;2001;16
Indonesia;2002;16.3
Indonesia;2003;15.2
Indonesia;2004;14.3
Indonesia;2005;13.1
Indonesia;2006;13
Indonesia;2007;13.7
Indonesia;2008;14.5
Indonesia;2009;15.3
Indonesia;2010;13.9
Indonesia;2011;13.5
Indonesia;2012;13.4
Indonesia;2013;13.4
Indonesia;2014;13.3
Indonesia;2015;13.5
Indonesia;;
Indonesia;_1;
Iran, Islamic Rep.;2000;9.1
Iran, Islamic Rep.;2001;8.3
Iran, Islamic Rep.;2002;7.8
Iran, Islamic Rep.;2003;7.5
Iran, Islamic Rep.;2004;6.9
Iran, Islamic Rep.;2005;6.5
Iran, Islamic Rep.;2006;7.1
Iran, Islamic Rep.;2007;7.2
Iran, Islamic Rep.;2008;6.1
Iran, Islamic Rep.;2009;6.9
Iran, Islamic Rep.;2010;6.5
Iran, Islamic Rep.;2011;4.6
Iran, Islamic Rep.;2012;6.8
Iran, Islamic Rep.;2013;8.8
Iran, Islamic Rep.;2014;9.4
Iran, Islamic Rep.;2015;10.1
Iran, Islamic Rep.;;
Iran, Islamic Rep.;_1;
Iraq;2000;4.6
Iraq;2001;6.9
Iraq;2002;8.6
Iraq;2003;8.4
Iraq;2004;6.9
Iraq;2005;6.9
Iraq;2006;5.8
Iraq;2007;4.9
Iraq;2008;3.8
Iraq;2009;5.2
Iraq;2010;5.2
Iraq;2011;4.6
Iraq;2012;4.1
Iraq;2013;4.8
Iraq;2014;4.9
Iraq;2015;4.2
Iraq;;
Iraq;_1;
Ireland;2000;2.5
Ireland;2001;2
Ireland;2002;1.7
Ireland;2003;1.5
Ireland;2004;1.6
Ireland;2005;1
Ireland;2006;0.9
Ireland;2007;1
Ireland;2008;0.9
Ireland;2009;0.6
Ireland;2010;1
Ireland;2011;1.2
Ireland;2012;1
Ireland;2013;1.1
Ireland;2014;1.2
Ireland;2015;0.9
Ireland;;
Ireland;_1;
Isle of Man;2000;..
Isle of Man;2001;..
Isle of Man;2002;..
Isle of Man;2003;..
Isle of Man;2004;..
Isle of Man;2005;..
Isle of Man;2006;..
Isle of Man;2007;..
Isle of Man;2008;..
Isle of Man;2009;..
Isle of Man;2010;..
Isle of Man;2011;..
Isle of Man;2012;0.6
Isle of Man;2013;0.6
Isle of Man;2014;0.4
Isle of Man;2015;0.5
Isle of Man;;
Isle of Man;_1;
Israel;2000;1.5
Israel;2001;1.8
Israel;2002;1.8
Israel;2003;1.7
Israel;2004;1.6
Israel;2005;1.9
Israel;2006;1.8
Israel;2007;1.8
Israel;2008;1.8
Israel;2009;2.2
Israel;2010;1.8
Israel;2011;1.9
Israel;2012;1.5
Israel;2013;1.5
Israel;2014;1.4
Israel;2015;1.4
Israel;;
Israel;_1;
Italy;2000;2.6
Italy;2001;2.5
Italy;2002;2.4
Italy;2003;2.4
Italy;2004;2.3
Italy;2005;2
Italy;2006;1.9
Italy;2007;1.9
Italy;2008;1.9
Italy;2009;1.8
Italy;2010;1.8
Italy;2011;1.9
Italy;2012;2
Italy;2013;2.1
Italy;2014;2
Italy;2015;2.1
Italy;;
Italy;_1;
Jamaica;2000;6.2
Jamaica;2001;6.1
Jamaica;2002;5.5
Jamaica;2003;5.2
Jamaica;2004;5
Jamaica;2005;5.2
Jamaica;2006;5.2
Jamaica;2007;4.6
Jamaica;2008;4.9
Jamaica;2009;5.5
Jamaica;2010;5.3
Jamaica;2011;5.6
Jamaica;2012;5.8
Jamaica;2013;6
Jamaica;2014;6
Jamaica;2015;6.3
Jamaica;;
Jamaica;_1;
Japan;2000;1.5
Japan;2001;1.4
Japan;2002;1.4
Japan;2003;1.3
Japan;2004;1.2
Japan;2005;1.1
Japan;2006;1.1
Japan;2007;1.1
Japan;2008;1.1
Japan;2009;1.1
Japan;2010;1.1
Japan;2011;1.1
Japan;2012;1.1
Japan;2013;1.1
Japan;2014;1
Japan;2015;1
Japan;;
Japan;_1;
Jordan;2000;2
Jordan;2001;2
Jordan;2002;2.2
Jordan;2003;2.5
Jordan;2004;2.5
Jordan;2005;2.8
Jordan;2006;2.6
Jordan;2007;2.5
Jordan;2008;2.9
Jordan;2009;3.2
Jordan;2010;3.6
Jordan;2011;3.5
Jordan;2012;3.3
Jordan;2013;3.6
Jordan;2014;4
Jordan;2015;4.4
Jordan;;
Jordan;_1;
Kazakhstan;2000;8.1
Kazakhstan;2001;8.7
Kazakhstan;2002;8
Kazakhstan;2003;7.9
Kazakhstan;2004;7.1
Kazakhstan;2005;6.4
Kazakhstan;2006;5.5
Kazakhstan;2007;5.7
Kazakhstan;2008;5.3
Kazakhstan;2009;6.1
Kazakhstan;2010;4.5
Kazakhstan;2011;5
Kazakhstan;2012;4.3
Kazakhstan;2013;4.5
Kazakhstan;2014;4.3
Kazakhstan;2015;4.7
Kazakhstan;;
Kazakhstan;_1;
Kenya;2000;28.7
Kenya;2001;27.8
Kenya;2002;25.9
Kenya;2003;25.8
Kenya;2004;24.9
Kenya;2005;24.2
Kenya;2006;20.5
Kenya;2007;20.6
Kenya;2008;22.2
Kenya;2009;16.3
Kenya;2010;17.6
Kenya;2011;18.9
Kenya;2012;18.8
Kenya;2013;18.6
Kenya;2014;18.3
Kenya;2015;19.5
Kenya;;
Kenya;_1;
Kiribati;2000;20
Kiribati;2001;20.4
Kiribati;2002;21.7
Kiribati;2003;23.4
Kiribati;2004;24.4
Kiribati;2005;20.5
Kiribati;2006;22
Kiribati;2007;23.2
Kiribati;2008;24.7
Kiribati;2009;26.6
Kiribati;2010;24.2
Kiribati;2011;25.2
Kiribati;2012;24.4
Kiribati;2013;23.1
Kiribati;2014;24
Kiribati;2015;21.7
Kiribati;;
Kiribati;_1;
Korea, Dem. People's Rep.;2000;..
Korea, Dem. People's Rep.;2001;..
Korea, Dem. People's Rep.;2002;..
Korea, Dem. People's Rep.;2003;..
Korea, Dem. People's Rep.;2004;..
Korea, Dem. People's Rep.;2005;..
Korea, Dem. People's Rep.;2006;..
Korea, Dem. People's Rep.;2007;..
Korea, Dem. People's Rep.;2008;..
Korea, Dem. People's Rep.;2009;..
Korea, Dem. People's Rep.;2010;..
Korea, Dem. People's Rep.;2011;..
Korea, Dem. People's Rep.;2012;..
Korea, Dem. People's Rep.;2013;..
Korea, Dem. People's Rep.;2014;..
Korea, Dem. People's Rep.;2015;..
Korea, Dem. People's Rep.;;
Korea, Dem. People's Rep.;_1;
Korea, Rep.;2000;3.9
Korea, Rep.;2001;3.6
Korea, Rep.;2002;3.2
Korea, Rep.;2003;3
Korea, Rep.;2004;3
Korea, Rep.;2005;2.6
Korea, Rep.;2006;2.5
Korea, Rep.;2007;2.3
Korea, Rep.;2008;2.1
Korea, Rep.;2009;2.2
Korea, Rep.;2010;2.1
Korea, Rep.;2011;2.2
Korea, Rep.;2012;2.2
Korea, Rep.;2013;2.1
Korea, Rep.;2014;2.1
Korea, Rep.;2015;2
Korea, Rep.;;
Korea, Rep.;_1;
Kosovo;2000;..
Kosovo;2001;..
Kosovo;2002;..
Kosovo;2003;..
Kosovo;2004;..
Kosovo;2005;..
Kosovo;2006;..
Kosovo;2007;..
Kosovo;2008;11.3
Kosovo;2009;8.3
Kosovo;2010;9.5
Kosovo;2011;8.1
Kosovo;2012;7.4
Kosovo;2013;8.4
Kosovo;2014;8.3
Kosovo;2015;7.7
Kosovo;;
Kosovo;_1;
Kuwait;2000;0.4
Kuwait;2001;0.4
Kuwait;2002;0.5
Kuwait;2003;0.5
Kuwait;2004;0.4
Kuwait;2005;0.3
Kuwait;2006;0.2
Kuwait;2007;0.2
Kuwait;2008;0.2
Kuwait;2009;0.3
Kuwait;2010;0.5
Kuwait;2011;0.4
Kuwait;2012;0.4
Kuwait;2013;0.4
Kuwait;2014;0.5
Kuwait;2015;0.5
Kuwait;;
Kuwait;_1;
Kyrgyz Republic;2000;34.2
Kyrgyz Republic;2001;34.5
Kyrgyz Republic;2002;34.4
Kyrgyz Republic;2003;33.6
Kyrgyz Republic;2004;29.9
Kyrgyz Republic;2005;28.5
Kyrgyz Republic;2006;28.7
Kyrgyz Republic;2007;26.9
Kyrgyz Republic;2008;23.5
Kyrgyz Republic;2009;18.8
Kyrgyz Republic;2010;17.4
Kyrgyz Republic;2011;16.6
Kyrgyz Republic;2012;16.7
Kyrgyz Republic;2013;14.6
Kyrgyz Republic;2014;14.7
Kyrgyz Republic;2015;14.1
Kyrgyz Republic;;
Kyrgyz Republic;_1;
Lao PDR;2000;33.6
Lao PDR;2001;32.7
Lao PDR;2002;33.4
Lao PDR;2003;32.1
Lao PDR;2004;30.5
Lao PDR;2005;28.3
Lao PDR;2006;26.7
Lao PDR;2007;25.8
Lao PDR;2008;24.2
Lao PDR;2009;24.2
Lao PDR;2010;22.6
Lao PDR;2011;20.8
Lao PDR;2012;18.5
Lao PDR;2013;17.9
Lao PDR;2014;17.8
Lao PDR;2015;17.6
Lao PDR;;
Lao PDR;_1;
Latvia;2000;4.5
Latvia;2001;4.4
Latvia;2002;4.5
Latvia;2003;3.9
Latvia;2004;4.2
Latvia;2005;3.7
Latvia;2006;3.3
Latvia;2007;3.3
Latvia;2008;3
Latvia;2009;3.2
Latvia;2010;4.1
Latvia;2011;3.7
Latvia;2012;3.5
Latvia;2013;3.2
Latvia;2014;3.5
Latvia;2015;3.5
Latvia;;
Latvia;_1;
Lebanon;2000;6.2
Lebanon;2001;5.9
Lebanon;2002;5.7
Lebanon;2003;5.5
Lebanon;2004;3.8
Lebanon;2005;3.6
Lebanon;2006;4.5
Lebanon;2007;4.9
Lebanon;2008;4.5
Lebanon;2009;4
Lebanon;2010;3.9
Lebanon;2011;3.8
Lebanon;2012;3.8
Lebanon;2013;4
Lebanon;2014;4
Lebanon;2015;3.3
Lebanon;;
Lebanon;_1;
Lesotho;2000;7.8
Lesotho;2001;8.3
Lesotho;2002;6.4
Lesotho;2003;6.3
Lesotho;2004;6
Lesotho;2005;5.7
Lesotho;2006;4.8
Lesotho;2007;4.9
Lesotho;2008;4.9
Lesotho;2009;5.5
Lesotho;2010;4.9
Lesotho;2011;4.5
Lesotho;2012;4.9
Lesotho;2013;5.1
Lesotho;2014;4
Lesotho;2015;3.8
Lesotho;;
Lesotho;_1;
Liberia;2000;76.1
Liberia;2001;76.5
Liberia;2002;79
Liberia;2003;72.2
Liberia;2004;65
Liberia;2005;66
Liberia;2006;63.8
Liberia;2007;65.6
Liberia;2008;65.2
Liberia;2009;58
Liberia;2010;44.8
Liberia;2011;44.3
Liberia;2012;46.7
Liberia;2013;39.5
Liberia;2014;36.5
Liberia;2015;34.4
Liberia;;
Liberia;_1;
Libya;2000;..
Libya;2001;..
Libya;2002;5.2
Libya;2003;4.1
Libya;2004;3.3
Libya;2005;2.5
Libya;2006;1.5
Libya;2007;1.5
Libya;2008;1.4
Libya;2009;2.2
Libya;2010;1.8
Libya;2011;3.1
Libya;2012;1.8
Libya;2013;2.4
Libya;2014;3.5
Libya;2015;4.4
Libya;;
Libya;_1;
Liechtenstein;2000;..
Liechtenstein;2001;..
Liechtenstein;2002;..
Liechtenstein;2003;..
Liechtenstein;2004;..
Liechtenstein;2005;..
Liechtenstein;2006;..
Liechtenstein;2007;..
Liechtenstein;2008;..
Liechtenstein;2009;..
Liechtenstein;2010;..
Liechtenstein;2011;..
Liechtenstein;2012;..
Liechtenstein;2013;..
Liechtenstein;2014;..
Liechtenstein;2015;..
Liechtenstein;;
Liechtenstein;_1;
Lithuania;2000;5.6
Lithuania;2001;4.9
Lithuania;2002;4.8
Lithuania;2003;4.4
Lithuania;2004;4.2
Lithuania;2005;4.3
Lithuania;2006;3.9
Lithuania;2007;3.5
Lithuania;2008;3.3
Lithuania;2009;2.5
Lithuania;2010;3
Lithuania;2011;3.5
Lithuania;2012;4
Lithuania;2013;3.5
Lithuania;2014;3.4
Lithuania;2015;3.4
Lithuania;;
Lithuania;_1;
Luxembourg;2000;0.6
Luxembourg;2001;0.6
Luxembourg;2002;0.7
Luxembourg;2003;0.5
Luxembourg;2004;0.5
Luxembourg;2005;0.4
Luxembourg;2006;0.3
Luxembourg;2007;0.4
Luxembourg;2008;0.3
Luxembourg;2009;0.2
Luxembourg;2010;0.3
Luxembourg;2011;0.3
Luxembourg;2012;0.3
Luxembourg;2013;0.3
Luxembourg;2014;0.3
Luxembourg;2015;0.2
Luxembourg;;
Luxembourg;_1;
Macao SAR, China;2000;..
Macao SAR, China;2001;..
Macao SAR, China;2002;..
Macao SAR, China;2003;..
Macao SAR, China;2004;..
Macao SAR, China;2005;..
Macao SAR, China;2006;..
Macao SAR, China;2007;..
Macao SAR, China;2008;..
Macao SAR, China;2009;..
Macao SAR, China;2010;..
Macao SAR, China;2011;..
Macao SAR, China;2012;..
Macao SAR, China;2013;..
Macao SAR, China;2014;..
Macao SAR, China;2015;..
Macao SAR, China;;
Macao SAR, China;_1;
North Macedonia;2000;10.1
North Macedonia;2001;9.7
North Macedonia;2002;10.2
North Macedonia;2003;11.5
North Macedonia;2004;11.6
North Macedonia;2005;9.7
North Macedonia;2006;9
North Macedonia;2007;8.9
North Macedonia;2008;11.4
North Macedonia;2009;10.4
North Macedonia;2010;10.1
North Macedonia;2011;9.4
North Macedonia;2012;9.1
North Macedonia;2013;10
North Macedonia;2014;10.2
North Macedonia;2015;9.7
North Macedonia;;
North Macedonia;_1;
Madagascar;2000;30.9
Madagascar;2001;29.9
Madagascar;2002;34.1
Madagascar;2003;32
Madagascar;2004;31.4
Madagascar;2005;30.8
Madagascar;2006;30.2
Madagascar;2007;28.1
Madagascar;2008;27.1
Madagascar;2009;30.5
Madagascar;2010;29.1
Madagascar;2011;29.1
Madagascar;2012;28
Madagascar;2013;26.5
Madagascar;2014;25.8
Madagascar;2015;25.7
Madagascar;;
Madagascar;_1;
Malawi;2000;35.7
Malawi;2001;35.3
Malawi;2002;38.8
Malawi;2003;36.2
Malawi;2004;34.7
Malawi;2005;32.9
Malawi;2006;30.9
Malawi;2007;27.5
Malawi;2008;30
Malawi;2009;30.4
Malawi;2010;29.6
Malawi;2011;28.8
Malawi;2012;28.3
Malawi;2013;28.7
Malawi;2014;28.7
Malawi;2015;27.5
Malawi;;
Malawi;_1;
Malaysia;2000;8.6
Malaysia;2001;8
Malaysia;2002;9
Malaysia;2003;9.3
Malaysia;2004;9.3
Malaysia;2005;8.3
Malaysia;2006;8.6
Malaysia;2007;10
Malaysia;2008;10
Malaysia;2009;9.2
Malaysia;2010;10.1
Malaysia;2011;11.5
Malaysia;2012;9.8
Malaysia;2013;9.1
Malaysia;2014;8.9
Malaysia;2015;8.3
Malaysia;;
Malaysia;_1;
Maldives;2000;..
Maldives;2001;..
Maldives;2002;..
Maldives;2003;5.3
Maldives;2004;5.6
Maldives;2005;7.7
Maldives;2006;6.6
Maldives;2007;6.2
Maldives;2008;6.9
Maldives;2009;5.4
Maldives;2010;5.6
Maldives;2011;5.4
Maldives;2012;5.2
Maldives;2013;5.4
Maldives;2014;5.3
Maldives;2015;5.6
Maldives;;
Maldives;_1;
Mali;2000;32.9
Mali;2001;32.8
Mali;2002;32.7
Mali;2003;29.9
Mali;2004;30
Mali;2005;32.4
Mali;2006;29.8
Mali;2007;31.4
Mali;2008;33
Mali;2009;31.7
Mali;2010;33
Mali;2011;34.6
Mali;2012;38.1
Mali;2013;36.8
Mali;2014;37.5
Mali;2015;37.7
Mali;;
Mali;_1;
Malta;2000;1.9
Malta;2001;2.2
Malta;2002;2.1
Malta;2003;2
Malta;2004;1.9
Malta;2005;1.8
Malta;2006;1.9
Malta;2007;1.8
Malta;2008;1.1
Malta;2009;1.4
Malta;2010;1.3
Malta;2011;1
Malta;2012;1.1
Malta;2013;1.1
Malta;2014;1
Malta;2015;0.9
Malta;;
Malta;_1;
Marshall Islands;2000;8
Marshall Islands;2001;7.4
Marshall Islands;2002;6.5
Marshall Islands;2003;6.9
Marshall Islands;2004;7.2
Marshall Islands;2005;7.1
Marshall Islands;2006;7.1
Marshall Islands;2007;7.4
Marshall Islands;2008;8.8
Marshall Islands;2009;9.6
Marshall Islands;2010;10.6
Marshall Islands;2011;14
Marshall Islands;2012;17.9
Marshall Islands;2013;15.9
Marshall Islands;2014;12.1
Marshall Islands;2015;12.5
Marshall Islands;;
Marshall Islands;_1;
Mauritania;2000;24.8
Mauritania;2001;24.9
Mauritania;2002;24.2
Mauritania;2003;24.2
Mauritania;2004;22.9
Mauritania;2005;20.1
Mauritania;2006;16.6
Mauritania;2007;18.4
Mauritania;2008;18.6
Mauritania;2009;19.2
Mauritania;2010;16.7
Mauritania;2011;14.5
Mauritania;2012;16.1
Mauritania;2013;16.3
Mauritania;2014;18.8
Mauritania;2015;20.6
Mauritania;;
Mauritania;_1;
Mauritius;2000;5.7
Mauritius;2001;6.1
Mauritius;2002;5.2
Mauritius;2003;5.2
Mauritius;2004;5.3
Mauritius;2005;5
Mauritius;2006;4.9
Mauritius;2007;4.4
Mauritius;2008;4.1
Mauritius;2009;3.9
Mauritius;2010;3.6
Mauritius;2011;3.7
Mauritius;2012;3.7
Mauritius;2013;3.3
Mauritius;2014;3.2
Mauritius;2015;3.1
Mauritius;;
Mauritius;_1;
Mexico;2000;3.3
Mexico;2001;3.4
Mexico;2002;3.3
Mexico;2003;3.4
Mexico;2004;3.3
Mexico;2005;3.1
Mexico;2006;3.1
Mexico;2007;3.2
Mexico;2008;3.2
Mexico;2009;3.2
Mexico;2010;3.2
Mexico;2011;3.1
Mexico;2012;3.2
Mexico;2013;3.1
Mexico;2014;3.1
Mexico;2015;3.2
Mexico;;
Mexico;_1;
Micronesia, Fed. Sts.;2000;24.1
Micronesia, Fed. Sts.;2001;23
Micronesia, Fed. Sts.;2002;23.2
Micronesia, Fed. Sts.;2003;23.2
Micronesia, Fed. Sts.;2004;22
Micronesia, Fed. Sts.;2005;22.4
Micronesia, Fed. Sts.;2006;22.3
Micronesia, Fed. Sts.;2007;25
Micronesia, Fed. Sts.;2008;26.2
Micronesia, Fed. Sts.;2009;25
Micronesia, Fed. Sts.;2010;24.7
Micronesia, Fed. Sts.;2011;26.4
Micronesia, Fed. Sts.;2012;28.1
Micronesia, Fed. Sts.;2013;26.4
Micronesia, Fed. Sts.;2014;24.9
Micronesia, Fed. Sts.;2015;26.2
Micronesia, Fed. Sts.;;
Micronesia, Fed. Sts.;_1;
Moldova;2000;25.4
Moldova;2001;22.4
Moldova;2002;21
Moldova;2003;18.3
Moldova;2004;17.6
Moldova;2005;16.4
Moldova;2006;14.5
Moldova;2007;10
Moldova;2008;8.8
Moldova;2009;8.5
Moldova;2010;11.2
Moldova;2011;11.4
Moldova;2012;10.4
Moldova;2013;11.6
Moldova;2014;12.2
Moldova;2015;11.5
Moldova;;
Moldova;_1;
Monaco;2000;..
Monaco;2001;..
Monaco;2002;..
Monaco;2003;..
Monaco;2004;..
Monaco;2005;..
Monaco;2006;..
Monaco;2007;..
Monaco;2008;..
Monaco;2009;..
Monaco;2010;..
Monaco;2011;..
Monaco;2012;..
Monaco;2013;..
Monaco;2014;..
Monaco;2015;..
Monaco;;
Monaco;_1;
Mongolia;2000;27.4
Mongolia;2001;23
Mongolia;2002;18.9
Mongolia;2003;18.4
Mongolia;2004;20
Mongolia;2005;19.8
Mongolia;2006;17.6
Mongolia;2007;18.4
Mongolia;2008;19.2
Mongolia;2009;17.9
Mongolia;2010;11.7
Mongolia;2011;10.3
Mongolia;2012;11.3
Mongolia;2013;13.4
Mongolia;2014;13.3
Mongolia;2015;14.1
Mongolia;;
Mongolia;_1;
Montenegro;2000;11.3
Montenegro;2001;10.8
Montenegro;2002;10.9
Montenegro;2003;9.9
Montenegro;2004;9.3
Montenegro;2005;8.8
Montenegro;2006;8.2
Montenegro;2007;7.2
Montenegro;2008;7.4
Montenegro;2009;8.3
Montenegro;2010;7.7
Montenegro;2011;8.1
Montenegro;2012;7.5
Montenegro;2013;8
Montenegro;2014;8.1
Montenegro;2015;8.1
Montenegro;;
Montenegro;_1;
Morocco;2000;11.9
Morocco;2001;13.2
Morocco;2002;13.2
Morocco;2003;13.9
Morocco;2004;13.2
Morocco;2005;11.8
Morocco;2006;13.6
Morocco;2007;10.9
Morocco;2008;12
Morocco;2009;13
Morocco;2010;12.9
Morocco;2011;13.1
Morocco;2012;12.3
Morocco;2013;13.4
Morocco;2014;10.4
Morocco;2015;11.8
Morocco;;
Morocco;_1;
Mozambique;2000;19.1
Mozambique;2001;18.2
Mozambique;2002;22.8
Mozambique;2003;22.7
Mozambique;2004;22.4
Mozambique;2005;22.8
Mozambique;2006;23.9
Mozambique;2007;23.8
Mozambique;2008;26.4
Mozambique;2009;27.5
Mozambique;2010;26.8
Mozambique;2011;25.8
Mozambique;2012;24.9
Mozambique;2013;23.5
Mozambique;2014;23.9
Mozambique;2015;22.9
Mozambique;;
Mozambique;_1;
Myanmar;2000;..
Myanmar;2001;57.1
Myanmar;2002;55.5
Myanmar;2003;52.3
Myanmar;2004;49.3
Myanmar;2005;47.3
Myanmar;2006;45.1
Myanmar;2007;43.6
Myanmar;2008;41.6
Myanmar;2009;39.1
Myanmar;2010;37.4
Myanmar;2011;34.5
Myanmar;2012;31.5
Myanmar;2013;30
Myanmar;2014;28.6
Myanmar;2015;27.3
Myanmar;;
Myanmar;_1;
Namibia;2000;10.7
Namibia;2001;9.7
Namibia;2002;10
Namibia;2003;10.2
Namibia;2004;8.9
Namibia;2005;10.4
Namibia;2006;9.6
Namibia;2007;8.4
Namibia;2008;7.5
Namibia;2009;8.1
Namibia;2010;8.5
Namibia;2011;8.1
Namibia;2012;8.1
Namibia;2013;7.8
Namibia;2014;8.1
Namibia;2015;6.7
Namibia;;
Namibia;_1;
Nauru;2000;..
Nauru;2001;..
Nauru;2002;..
Nauru;2003;..
Nauru;2004;..
Nauru;2005;..
Nauru;2006;..
Nauru;2007;..
Nauru;2008;..
Nauru;2009;..
Nauru;2010;..
Nauru;2011;..
Nauru;2012;..
Nauru;2013;..
Nauru;2014;..
Nauru;2015;..
Nauru;;
Nauru;_1;
Nepal;2000;38.2
Nepal;2001;35.2
Nepal;2002;36.2
Nepal;2003;35.1
Nepal;2004;34.7
Nepal;2005;33.8
Nepal;2006;32.4
Nepal;2007;31.2
Nepal;2008;30.3
Nepal;2009;31.3
Nepal;2010;33.2
Nepal;2011;30.8
Nepal;2012;30.1
Nepal;2013;28.6
Nepal;2014;27.5
Nepal;2015;26.5
Nepal;;
Nepal;_1;
Netherlands;2000;2.3
Netherlands;2001;2.2
Netherlands;2002;2.1
Netherlands;2003;2.1
Netherlands;2004;1.9
Netherlands;2005;1.9
Netherlands;2006;1.9
Netherlands;2007;1.8
Netherlands;2008;1.6
Netherlands;2009;1.6
Netherlands;2010;1.8
Netherlands;2011;1.6
Netherlands;2012;1.7
Netherlands;2013;1.8
Netherlands;2014;1.7
Netherlands;2015;1.7
Netherlands;;
Netherlands;_1;
New Caledonia;2000;2.2
New Caledonia;2001;2.4
New Caledonia;2002;1.9
New Caledonia;2003;1.7
New Caledonia;2004;1.8
New Caledonia;2005;1.5
New Caledonia;2006;1.7
New Caledonia;2007;1.3
New Caledonia;2008;1.4
New Caledonia;2009;1.4
New Caledonia;2010;1.3
New Caledonia;2011;1.4
New Caledonia;2012;1.6
New Caledonia;2013;1.7
New Caledonia;2014;1.8
New Caledonia;2015;1.9
New Caledonia;;
New Caledonia;_1;
New Zealand;2000;7.8
New Zealand;2001;8
New Zealand;2002;5.9
New Zealand;2003;5.7
New Zealand;2004;5.4
New Zealand;2005;4.5
New Zealand;2006;5
New Zealand;2007;6.1
New Zealand;2008;5
New Zealand;2009;5.8
New Zealand;2010;6.6
New Zealand;2011;6.3
New Zealand;2012;5.5
New Zealand;2013;7
New Zealand;2014;4.8
New Zealand;2015;4.5
New Zealand;;
New Zealand;_1;
Nicaragua;2000;17.8
Nicaragua;2001;16.8
Nicaragua;2002;16.4
Nicaragua;2003;15.6
Nicaragua;2004;16
Nicaragua;2005;16.1
Nicaragua;2006;15.9
Nicaragua;2007;16.5
Nicaragua;2008;16.3
Nicaragua;2009;16.1
Nicaragua;2010;17
Nicaragua;2011;18.9
Nicaragua;2012;17.6
Nicaragua;2013;16.5
Nicaragua;2014;16.7
Nicaragua;2015;16.1
Nicaragua;;
Nicaragua;_1;
Niger;2000;36.6
Niger;2001;40.2
Niger;2002;41.4
Niger;2003;41.2
Niger;2004;37.4
Niger;2005;39.3
Niger;2006;39.7
Niger;2007;37.1
Niger;2008;38.8
Niger;2009;34.8
Niger;2010;35.8
Niger;2011;33.6
Niger;2012;33.7
Niger;2013;32.2
Niger;2014;33.4
Niger;2015;32.4
Niger;;
Niger;_1;
Nigeria;2000;21.4
Nigeria;2001;24.5
Nigeria;2002;37
Nigeria;2003;33.8
Nigeria;2004;27.2
Nigeria;2005;26.1
Nigeria;2006;24.7
Nigeria;2007;24.7
Nigeria;2008;25.3
Nigeria;2009;26.7
Nigeria;2010;23.9
Nigeria;2011;22.2
Nigeria;2012;21.9
Nigeria;2013;20.8
Nigeria;2014;20
Nigeria;2015;20.6
Nigeria;;
Nigeria;_1;
Northern Mariana Islands;2000;..
Northern Mariana Islands;2001;..
Northern Mariana Islands;2002;..
Northern Mariana Islands;2003;..
Northern Mariana Islands;2004;..
Northern Mariana Islands;2005;..
Northern Mariana Islands;2006;..
Northern Mariana Islands;2007;..
Northern Mariana Islands;2008;..
Northern Mariana Islands;2009;..
Northern Mariana Islands;2010;..
Northern Mariana Islands;2011;..
Northern Mariana Islands;2012;..
Northern Mariana Islands;2013;..
Northern Mariana Islands;2014;..
Northern Mariana Islands;2015;..
Northern Mariana Islands;;
Northern Mariana Islands;_1;
Norway;2000;1.8
Norway;2001;1.6
Norway;2002;1.5
Norway;2003;1.3
Norway;2004;1.4
Norway;2005;1.4
Norway;2006;1.4
Norway;2007;1.2
Norway;2008;1.1
Norway;2009;1.3
Norway;2010;1.6
Norway;2011;1.3
Norway;2012;1.1
Norway;2013;1.3
Norway;2014;1.4
Norway;2015;1.5
Norway;;
Norway;_1;
Oman;2000;2.2
Oman;2001;2.3
Oman;2002;2.3
Oman;2003;2.2
Oman;2004;1.9
Oman;2005;1.6
Oman;2006;1.4
Oman;2007;1.4
Oman;2008;1.1
Oman;2009;1.5
Oman;2010;1.2
Oman;2011;1.1
Oman;2012;1
Oman;2013;1.1
Oman;2014;1.1
Oman;2015;1.7
Oman;;
Oman;_1;
Pakistan;2000;25.6
Pakistan;2001;24.2
Pakistan;2002;23.1
Pakistan;2003;22.9
Pakistan;2004;23.1
Pakistan;2005;23
Pakistan;2006;21.6
Pakistan;2007;21.8
Pakistan;2008;22.5
Pakistan;2009;22.7
Pakistan;2010;23.3
Pakistan;2011;25.1
Pakistan;2012;23.7
Pakistan;2013;23.8
Pakistan;2014;23.7
Pakistan;2015;23.8
Pakistan;;
Pakistan;_1;
Palau;2000;3.9
Palau;2001;3.7
Palau;2002;3.7
Palau;2003;3.7
Palau;2004;3.8
Palau;2005;3.7
Palau;2006;4.1
Palau;2007;3.6
Palau;2008;4
Palau;2009;3.9
Palau;2010;3.8
Palau;2011;3.8
Palau;2012;3.7
Palau;2013;3.7
Palau;2014;3.3
Palau;2015;2.9
Palau;;
Palau;_1;
Panama;2000;6.3
Panama;2001;6.7
Panama;2002;6.7
Panama;2003;6.9
Panama;2004;6.4
Panama;2005;6
Panama;2006;5.8
Panama;2007;4.8
Panama;2008;4.5
Panama;2009;3.8
Panama;2010;3.6
Panama;2011;3.2
Panama;2012;3
Panama;2013;2.9
Panama;2014;2.8
Panama;2015;2.8
Panama;;
Panama;_1;
Papua New Guinea;2000;34
Papua New Guinea;2001;34.4
Papua New Guinea;2002;38
Papua New Guinea;2003;38.3
Papua New Guinea;2004;36
Papua New Guinea;2005;..
Papua New Guinea;2006;20.4
Papua New Guinea;2007;19.6
Papua New Guinea;2008;20.2
Papua New Guinea;2009;21.6
Papua New Guinea;2010;19.6
Papua New Guinea;2011;19.2
Papua New Guinea;2012;19.3
Papua New Guinea;2013;19.3
Papua New Guinea;2014;17.7
Papua New Guinea;2015;17.5
Papua New Guinea;;
Papua New Guinea;_1;
Paraguay;2000;12.9
Paraguay;2001;11.4
Paraguay;2002;11
Paraguay;2003;13
Paraguay;2004;13.9
Paraguay;2005;12.7
Paraguay;2006;11.8
Paraguay;2007;12.7
Paraguay;2008;13.7
Paraguay;2009;10.2
Paraguay;2010;13.3
Paraguay;2011;14.1
Paraguay;2012;10.4
Paraguay;2013;13.2
Paraguay;2014;12.1
Paraguay;2015;9.8
Paraguay;;
Paraguay;_1;
Peru;2000;8.1
Peru;2001;7.9
Peru;2002;7.5
Peru;2003;7.3
Peru;2004;6.9
Peru;2005;6.9
Peru;2006;6.6
Peru;2007;6.7
Peru;2008;7.2
Peru;2009;7.4
Peru;2010;6.8
Peru;2011;7.1
Peru;2012;6.7
Peru;2013;6.7
Peru;2014;6.8
Peru;2015;7
Peru;;
Peru;_1;
Philippines;2000;13.9
Philippines;2001;13.3
Philippines;2002;13.4
Philippines;2003;13.2
Philippines;2004;14
Philippines;2005;13.5
Philippines;2006;13.4
Philippines;2007;13.6
Philippines;2008;14.5
Philippines;2009;14.5
Philippines;2010;13.7
Philippines;2011;14.1
Philippines;2012;13.1
Philippines;2013;12.5
Philippines;2014;12.3
Philippines;2015;11
Philippines;;
Philippines;_1;
Poland;2000;3.1
Poland;2001;3.3
Poland;2002;2.7
Poland;2003;2.6
Poland;2004;3.3
Poland;2005;2.9
Poland;2006;2.7
Poland;2007;3
Poland;2008;2.6
Poland;2009;2.6
Poland;2010;2.9
Poland;2011;3.2
Poland;2012;3
Poland;2013;3.2
Poland;2014;3
Poland;2015;2.5
Poland;;
Poland;_1;
Portugal;2000;3.1
Portugal;2001;3
Portugal;2002;2.7
Portugal;2003;2.7
Portugal;2004;2.6
Portugal;2005;2.3
Portugal;2006;2.3
Portugal;2007;2
Portugal;2008;2
Portugal;2009;2
Portugal;2010;1.9
Portugal;2011;1.8
Portugal;2012;1.9
Portugal;2013;2.1
Portugal;2014;2.1
Portugal;2015;2.1
Portugal;;
Portugal;_1;
Puerto Rico;2000;0.7
Puerto Rico;2001;0.6
Puerto Rico;2002;0.5
Puerto Rico;2003;0.6
Puerto Rico;2004;0.6
Puerto Rico;2005;0.6
Puerto Rico;2006;0.6
Puerto Rico;2007;0.5
Puerto Rico;2008;0.6
Puerto Rico;2009;0.6
Puerto Rico;2010;0.8
Puerto Rico;2011;0.8
Puerto Rico;2012;0.8
Puerto Rico;2013;0.8
Puerto Rico;2014;0.8
Puerto Rico;2015;0.8
Puerto Rico;;
Puerto Rico;_1;
Qatar;2000;0.4
Qatar;2001;0.4
Qatar;2002;0.3
Qatar;2003;0.2
Qatar;2004;0.2
Qatar;2005;0.1
Qatar;2006;0.1
Qatar;2007;0.1
Qatar;2008;0.1
Qatar;2009;0.1
Qatar;2010;0.1
Qatar;2011;0.1
Qatar;2012;0.1
Qatar;2013;0.1
Qatar;2014;0.1
Qatar;2015;0.2
Qatar;;
Qatar;_1;
Romania;2000;10.9
Romania;2001;13.1
Romania;2002;11.3
Romania;2003;11.9
Romania;2004;12.7
Romania;2005;8.5
Romania;2006;7.8
Romania;2007;5.5
Romania;2008;6.3
Romania;2009;6.1
Romania;2010;5.2
Romania;2011;6
Romania;2012;4.5
Romania;2013;5.5
Romania;2014;4.9
Romania;2015;4.4
Romania;;
Romania;_1;
Russian Federation;2000;5.8
Russian Federation;2001;5.9
Russian Federation;2002;5.6
Russian Federation;2003;5.5
Russian Federation;2004;4.9
Russian Federation;2005;4.3
Russian Federation;2006;3.9
Russian Federation;2007;3.8
Russian Federation;2008;3.8
Russian Federation;2009;4.1
Russian Federation;2010;3.3
Russian Federation;2011;3.2
Russian Federation;2012;2.9
Russian Federation;2013;3
Russian Federation;2014;3.4
Russian Federation;2015;3.9
Russian Federation;;
Russian Federation;_1;
Rwanda;2000;31.2
Rwanda;2001;31.8
Rwanda;2002;30.2
Rwanda;2003;33.1
Rwanda;2004;33.9
Rwanda;2005;33.8
Rwanda;2006;30
Rwanda;2007;26.1
Rwanda;2008;24.8
Rwanda;2009;25.4
Rwanda;2010;24.3
Rwanda;2011;23.8
Rwanda;2012;24.8
Rwanda;2013;24.9
Rwanda;2014;24.7
Rwanda;2015;24
Rwanda;;
Rwanda;_1;
Samoa;2000;15.1
Samoa;2001;13.2
Samoa;2002;12
Samoa;2003;11
Samoa;2004;11.7
Samoa;2005;12.5
Samoa;2006;11
Samoa;2007;10.7
Samoa;2008;10
Samoa;2009;11.2
Samoa;2010;10.1
Samoa;2011;8.7
Samoa;2012;9
Samoa;2013;9.4
Samoa;2014;9
Samoa;2015;8.3
Samoa;;
Samoa;_1;
San Marino;2000;..
San Marino;2001;..
San Marino;2002;..
San Marino;2003;..
San Marino;2004;..
San Marino;2005;..
San Marino;2006;..
San Marino;2007;..
San Marino;2008;..
San Marino;2009;..
San Marino;2010;..
San Marino;2011;..
San Marino;2012;..
San Marino;2013;..
San Marino;2014;..
San Marino;2015;0
San Marino;;
San Marino;_1;
Sao Tome and Principe;2000;..
Sao Tome and Principe;2001;10.4
Sao Tome and Principe;2002;10.9
Sao Tome and Principe;2003;10.6
Sao Tome and Principe;2004;10.2
Sao Tome and Principe;2005;9
Sao Tome and Principe;2006;9.1
Sao Tome and Principe;2007;9.8
Sao Tome and Principe;2008;9.9
Sao Tome and Principe;2009;11.2
Sao Tome and Principe;2010;11.6
Sao Tome and Principe;2011;11.6
Sao Tome and Principe;2012;11.8
Sao Tome and Principe;2013;12.3
Sao Tome and Principe;2014;11.7
Sao Tome and Principe;2015;12.2
Sao Tome and Principe;;
Sao Tome and Principe;_1;
Saudi Arabia;2000;4.9
Saudi Arabia;2001;5.2
Saudi Arabia;2002;5.1
Saudi Arabia;2003;4.5
Saudi Arabia;2004;3.9
Saudi Arabia;2005;3.2
Saudi Arabia;2006;2.9
Saudi Arabia;2007;2.8
Saudi Arabia;2008;2.3
Saudi Arabia;2009;2.9
Saudi Arabia;2010;2.6
Saudi Arabia;2011;2.2
Saudi Arabia;2012;2.1
Saudi Arabia;2013;2.2
Saudi Arabia;2014;2.2
Saudi Arabia;2015;2.6
Saudi Arabia;;
Saudi Arabia;_1;
Senegal;2000;16.4
Senegal;2001;16.3
Senegal;2002;13.4
Senegal;2003;15.5
Senegal;2004;14.2
Senegal;2005;15.2
Senegal;2006;13.4
Senegal;2007;12.2
Senegal;2008;14.7
Senegal;2009;16.1
Senegal;2010;15.9
Senegal;2011;12.9
Senegal;2012;14.1
Senegal;2013;13.7
Senegal;2014;13.4
Senegal;2015;14.3
Senegal;;
Senegal;_1;
Serbia;2000;17.1
Serbia;2001;14.7
Serbia;2002;9.8
Serbia;2003;8.1
Serbia;2004;8.5
Serbia;2005;6.7
Serbia;2006;6.8
Serbia;2007;6.1
Serbia;2008;7.4
Serbia;2009;7.2
Serbia;2010;6.6
Serbia;2011;7.4
Serbia;2012;6.4
Serbia;2013;7.4
Serbia;2014;7.1
Serbia;2015;6.7
Serbia;;
Serbia;_1;
Seychelles;2000;2.8
Seychelles;2001;2.8
Seychelles;2002;2.9
Seychelles;2003;2.6
Seychelles;2004;3.5
Seychelles;2005;3.3
Seychelles;2006;3
Seychelles;2007;2.7
Seychelles;2008;2.6
Seychelles;2009;2.3
Seychelles;2010;2.3
Seychelles;2011;2.2
Seychelles;2012;2
Seychelles;2013;2.7
Seychelles;2014;2.3
Seychelles;2015;2.3
Seychelles;;
Seychelles;_1;
Sierra Leone;2000;55
Sierra Leone;2001;45.1
Sierra Leone;2002;46.2
Sierra Leone;2003;46.4
Sierra Leone;2004;48.5
Sierra Leone;2005;49.4
Sierra Leone;2006;50.3
Sierra Leone;2007;52.2
Sierra Leone;2008;53.7
Sierra Leone;2009;55.3
Sierra Leone;2010;52.9
Sierra Leone;2011;54.6
Sierra Leone;2012;50.6
Sierra Leone;2013;48
Sierra Leone;2014;51.8
Sierra Leone;2015;58.7
Sierra Leone;;
Sierra Leone;_1;
Singapore;2000;0.1
Singapore;2001;0.1
Singapore;2002;0.1
Singapore;2003;0.1
Singapore;2004;0.1
Singapore;2005;0.1
Singapore;2006;0
Singapore;2007;0
Singapore;2008;0
Singapore;2009;0
Singapore;2010;0
Singapore;2011;0
Singapore;2012;0
Singapore;2013;0
Singapore;2014;0
Singapore;2015;0
Singapore;;
Singapore;_1;
Sint Maarten (Dutch part);2000;..
Sint Maarten (Dutch part);2001;..
Sint Maarten (Dutch part);2002;..
Sint Maarten (Dutch part);2003;..
Sint Maarten (Dutch part);2004;..
Sint Maarten (Dutch part);2005;..
Sint Maarten (Dutch part);2006;..
Sint Maarten (Dutch part);2007;..
Sint Maarten (Dutch part);2008;..
Sint Maarten (Dutch part);2009;..
Sint Maarten (Dutch part);2010;..
Sint Maarten (Dutch part);2011;0.1
Sint Maarten (Dutch part);2012;0.1
Sint Maarten (Dutch part);2013;0.1
Sint Maarten (Dutch part);2014;0.1
Sint Maarten (Dutch part);2015;0.1
Sint Maarten (Dutch part);;
Sint Maarten (Dutch part);_1;
Slovak Republic;2000;1.7
Slovak Republic;2001;2.1
Slovak Republic;2002;2
Slovak Republic;2003;1.8
Slovak Republic;2004;1.7
Slovak Republic;2005;1.6
Slovak Republic;2006;1.8
Slovak Republic;2007;2.3
Slovak Republic;2008;2.5
Slovak Republic;2009;2.1
Slovak Republic;2010;1.6
Slovak Republic;2011;1.9
Slovak Republic;2012;1.9
Slovak Republic;2013;2.2
Slovak Republic;2014;2.7
Slovak Republic;2015;2.2
Slovak Republic;;
Slovak Republic;_1;
Slovenia;2000;3.1
Slovenia;2001;2.8
Slovenia;2002;3
Slovenia;2003;2.3
Slovenia;2004;2.4
Slovenia;2005;2.4
Slovenia;2006;2.1
Slovenia;2007;2
Slovenia;2008;1.8
Slovenia;2009;1.8
Slovenia;2010;1.9
Slovenia;2011;2.1
Slovenia;2012;2
Slovenia;2013;2
Slovenia;2014;2
Slovenia;2015;2.1
Slovenia;;
Slovenia;_1;
Solomon Islands;2000;34.4
Solomon Islands;2001;23.9
Solomon Islands;2002;30
Solomon Islands;2003;35.8
Solomon Islands;2004;35.5
Solomon Islands;2005;31.2
Solomon Islands;2006;30.7
Solomon Islands;2007;30.8
Solomon Islands;2008;31.5
Solomon Islands;2009;30.4
Solomon Islands;2010;32.5
Solomon Islands;2011;32.8
Solomon Islands;2012;33.3
Solomon Islands;2013;33.6
Solomon Islands;2014;34.8
Solomon Islands;2015;33.2
Solomon Islands;;
Solomon Islands;_1;
Somalia;2000;..
Somalia;2001;..
Somalia;2002;..
Somalia;2003;..
Somalia;2004;..
Somalia;2005;..
Somalia;2006;..
Somalia;2007;..
Somalia;2008;..
Somalia;2009;..
Somalia;2010;..
Somalia;2011;..
Somalia;2012;..
Somalia;2013;..
Somalia;2014;..
Somalia;2015;..
Somalia;;
Somalia;_1;
South Africa;2000;2.6
South Africa;2001;2.8
South Africa;2002;3
South Africa;2003;2.7
South Africa;2004;2.4
South Africa;2005;2.1
South Africa;2006;2.1
South Africa;2007;2.4
South Africa;2008;2.6
South Africa;2009;2.4
South Africa;2010;2.1
South Africa;2011;2
South Africa;2012;2
South Africa;2013;1.9
South Africa;2014;2.1
South Africa;2015;2.2
South Africa;;
South Africa;_1;
South Sudan;2000;..
South Sudan;2001;..
South Sudan;2002;..
South Sudan;2003;..
South Sudan;2004;..
South Sudan;2005;..
South Sudan;2006;..
South Sudan;2007;..
South Sudan;2008;4.2
South Sudan;2009;5.2
South Sudan;2010;5.3
South Sudan;2011;4.7
South Sudan;2012;6.2
South Sudan;2013;9.6
South Sudan;2014;7.6
South Sudan;2015;10.4
South Sudan;;
South Sudan;_1;
Spain;2000;3.7
Spain;2001;3.7
Spain;2002;3.5
Spain;2003;3.4
Spain;2004;3.1
Spain;2005;2.8
Spain;2006;2.4
Spain;2007;2.5
Spain;2008;2.4
Spain;2009;2.3
Spain;2010;2.4
Spain;2011;2.4
Spain;2012;2.4
Spain;2013;2.6
Spain;2014;2.5
Spain;2015;2.7
Spain;;
Spain;_1;
Sri Lanka;2000;19.9
Sri Lanka;2001;20.1
Sri Lanka;2002;14.3
Sri Lanka;2003;13.2
Sri Lanka;2004;12.5
Sri Lanka;2005;11.8
Sri Lanka;2006;11.3
Sri Lanka;2007;11.7
Sri Lanka;2008;13.4
Sri Lanka;2009;12.7
Sri Lanka;2010;9
Sri Lanka;2011;9.5
Sri Lanka;2012;7.9
Sri Lanka;2013;7.9
Sri Lanka;2014;8.1
Sri Lanka;2015;8.2
Sri Lanka;;
Sri Lanka;_1;
St. Kitts and Nevis;2000;1.5
St. Kitts and Nevis;2001;1.7
St. Kitts and Nevis;2002;1.8
St. Kitts and Nevis;2003;1.8
St. Kitts and Nevis;2004;1.8
St. Kitts and Nevis;2005;1.7
St. Kitts and Nevis;2006;1.2
St. Kitts and Nevis;2007;1.2
St. Kitts and Nevis;2008;1.2
St. Kitts and Nevis;2009;1.1
St. Kitts and Nevis;2010;1.3
St. Kitts and Nevis;2011;1.3
St. Kitts and Nevis;2012;1.3
St. Kitts and Nevis;2013;1.1
St. Kitts and Nevis;2014;0.9
St. Kitts and Nevis;2015;0.9
St. Kitts and Nevis;;
St. Kitts and Nevis;_1;
St. Lucia;2000;..
St. Lucia;2001;..
St. Lucia;2002;..
St. Lucia;2003;..
St. Lucia;2004;..
St. Lucia;2005;..
St. Lucia;2006;3
St. Lucia;2007;2.9
St. Lucia;2008;3.6
St. Lucia;2009;3.6
St. Lucia;2010;2.7
St. Lucia;2011;2.3
St. Lucia;2012;2.4
St. Lucia;2013;2.6
St. Lucia;2014;2.2
St. Lucia;2015;2.2
St. Lucia;;
St. Lucia;_1;
St. Martin (French part);2000;..
St. Martin (French part);2001;..
St. Martin (French part);2002;..
St. Martin (French part);2003;..
St. Martin (French part);2004;..
St. Martin (French part);2005;..
St. Martin (French part);2006;..
St. Martin (French part);2007;..
St. Martin (French part);2008;..
St. Martin (French part);2009;..
St. Martin (French part);2010;..
St. Martin (French part);2011;..
St. Martin (French part);2012;..
St. Martin (French part);2013;..
St. Martin (French part);2014;..
St. Martin (French part);2015;..
St. Martin (French part);;
St. Martin (French part);_1;
St. Vincent and the Grenadines;2000;8.5
St. Vincent and the Grenadines;2001;6.8
St. Vincent and the Grenadines;2002;7
St. Vincent and the Grenadines;2003;6.1
St. Vincent and the Grenadines;2004;5.9
St. Vincent and the Grenadines;2005;6.6
St. Vincent and the Grenadines;2006;6.1
St. Vincent and the Grenadines;2007;6
St. Vincent and the Grenadines;2008;6
St. Vincent and the Grenadines;2009;6.3
St. Vincent and the Grenadines;2010;6.3
St. Vincent and the Grenadines;2011;6.3
St. Vincent and the Grenadines;2012;6.2
St. Vincent and the Grenadines;2013;6.5
St. Vincent and the Grenadines;2014;6.6
St. Vincent and the Grenadines;2015;6.3
St. Vincent and the Grenadines;;
St. Vincent and the Grenadines;_1;
Sudan;2000;40.7
Sudan;2001;35.8
Sudan;2002;37.7
Sudan;2003;38.4
Sudan;2004;34
Sudan;2005;33.2
Sudan;2006;31.8
Sudan;2007;35.7
Sudan;2008;36.2
Sudan;2009;33.5
Sudan;2010;31.9
Sudan;2011;27.8
Sudan;2012;33.8
Sudan;2013;29.6
Sudan;2014;32.6
Sudan;2015;31.6
Sudan;;
Sudan;_1;
Suriname;2000;9.5
Suriname;2001;9.1
Suriname;2002;6.7
Suriname;2003;6.5
Suriname;2004;5.2
Suriname;2005;4.9
Suriname;2006;10
Suriname;2007;10.1
Suriname;2008;8.9
Suriname;2009;9.8
Suriname;2010;9.5
Suriname;2011;8.7
Suriname;2012;8.4
Suriname;2013;8.5
Suriname;2014;9.4
Suriname;2015;10.4
Suriname;;
Suriname;_1;
Eswatini;2000;12.3
Eswatini;2001;12.1
Eswatini;2002;12.5
Eswatini;2003;12.4
Eswatini;2004;9.7
Eswatini;2005;11
Eswatini;2006;11.2
Eswatini;2007;10.8
Eswatini;2008;10
Eswatini;2009;9.3
Eswatini;2010;10.2
Eswatini;2011;9.7
Eswatini;2012;10.2
Eswatini;2013;10.1
Eswatini;2014;9.2
Eswatini;2015;9.4
Eswatini;;
Eswatini;_1;
Sweden;2000;1.9
Sweden;2001;1.9
Sweden;2002;1.9
Sweden;2003;1.9
Sweden;2004;1.8
Sweden;2005;1.3
Sweden;2006;1.4
Sweden;2007;1.6
Sweden;2008;1.6
Sweden;2009;1.4
Sweden;2010;1.6
Sweden;2011;1.7
Sweden;2012;1.5
Sweden;2013;1.5
Sweden;2014;1.4
Sweden;2015;1.4
Sweden;;
Sweden;_1;
Switzerland;2000;1.1
Switzerland;2001;0.9
Switzerland;2002;0.9
Switzerland;2003;0.8
Switzerland;2004;0.9
Switzerland;2005;0.8
Switzerland;2006;0.8
Switzerland;2007;0.8
Switzerland;2008;0.8
Switzerland;2009;0.7
Switzerland;2010;0.7
Switzerland;2011;0.7
Switzerland;2012;0.6
Switzerland;2013;0.7
Switzerland;2014;0.7
Switzerland;2015;0.6
Switzerland;;
Switzerland;_1;
Syrian Arab Republic;2000;24.7
Syrian Arab Republic;2001;25.3
Syrian Arab Republic;2002;25
Syrian Arab Republic;2003;24.7
Syrian Arab Republic;2004;22.4
Syrian Arab Republic;2005;20.3
Syrian Arab Republic;2006;21.5
Syrian Arab Republic;2007;19.5
Syrian Arab Republic;2008;18.8
Syrian Arab Republic;2009;22.8
Syrian Arab Republic;2010;19.4
Syrian Arab Republic;2011;20.6
Syrian Arab Republic;2012;23.4
Syrian Arab Republic;2013;25.1
Syrian Arab Republic;2014;26.9
Syrian Arab Republic;2015;33.1
Syrian Arab Republic;;
Syrian Arab Republic;_1;
Tajikistan;2000;25.1
Tajikistan;2001;23.8
Tajikistan;2002;22.2
Tajikistan;2003;24.2
Tajikistan;2004;19.2
Tajikistan;2005;21.2
Tajikistan;2006;21.5
Tajikistan;2007;19.4
Tajikistan;2008;19.9
Tajikistan;2009;18.6
Tajikistan;2010;19.6
Tajikistan;2011;23.8
Tajikistan;2012;23.3
Tajikistan;2013;21.3
Tajikistan;2014;23.8
Tajikistan;2015;21.6
Tajikistan;;
Tajikistan;_1;
Tanzania;2000;26.2
Tanzania;2001;25.8
Tanzania;2002;25.2
Tanzania;2003;24.9
Tanzania;2004;25.7
Tanzania;2005;24.6
Tanzania;2006;23.7
Tanzania;2007;23.2
Tanzania;2008;24.8
Tanzania;2009;26
Tanzania;2010;25.6
Tanzania;2011;25
Tanzania;2012;26.6
Tanzania;2013;26.8
Tanzania;2014;25.8
Tanzania;2015;26.7
Tanzania;;
Tanzania;_1;
Thailand;2000;8.5
Thailand;2001;8.6
Thailand;2002;8.7
Thailand;2003;9.4
Thailand;2004;9.3
Thailand;2005;9.2
Thailand;2006;9.4
Thailand;2007;9.3
Thailand;2008;10.1
Thailand;2009;9.8
Thailand;2010;10.5
Thailand;2011;11.6
Thailand;2012;11.5
Thailand;2013;11.3
Thailand;2014;10.1
Thailand;2015;8.9
Thailand;;
Thailand;_1;
Timor-Leste;2000;28.4
Timor-Leste;2001;21.6
Timor-Leste;2002;24.7
Timor-Leste;2003;24.9
Timor-Leste;2004;30.8
Timor-Leste;2005;28.9
Timor-Leste;2006;32.2
Timor-Leste;2007;30
Timor-Leste;2008;30.2
Timor-Leste;2009;25
Timor-Leste;2010;25.6
Timor-Leste;2011;22.2
Timor-Leste;2012;25.8
Timor-Leste;2013;21.3
Timor-Leste;2014;21.1
Timor-Leste;2015;17.8
Timor-Leste;;
Timor-Leste;_1;
Togo;2000;30.6
Togo;2001;33.9
Togo;2002;33.2
Togo;2003;28.4
Togo;2004;31.1
Togo;2005;36.6
Togo;2006;33.6
Togo;2007;29.1
Togo;2008;38.9
Togo;2009;30.9
Togo;2010;28.7
Togo;2011;29.9
Togo;2012;42.5
Togo;2013;37.5
Togo;2014;25.7
Togo;2015;24.4
Togo;;
Togo;_1;
Tonga;2000;19.6
Tonga;2001;18.3
Tonga;2002;18.1
Tonga;2003;19.2
Tonga;2004;20.2
Tonga;2005;17.8
Tonga;2006;15.8
Tonga;2007;16.7
Tonga;2008;14.7
Tonga;2009;15.5
Tonga;2010;16.4
Tonga;2011;17
Tonga;2012;16.6
Tonga;2013;17.1
Tonga;2014;16.4
Tonga;2015;16.9
Tonga;;
Tonga;_1;
Trinidad and Tobago;2000;1.4
Trinidad and Tobago;2001;1.3
Trinidad and Tobago;2002;1.4
Trinidad and Tobago;2003;0.9
Trinidad and Tobago;2004;0.8
Trinidad and Tobago;2005;0.5
Trinidad and Tobago;2006;0.6
Trinidad and Tobago;2007;0.4
Trinidad and Tobago;2008;0.4
Trinidad and Tobago;2009;0.6
Trinidad and Tobago;2010;0.5
Trinidad and Tobago;2011;0.5
Trinidad and Tobago;2012;0.6
Trinidad and Tobago;2013;0.7
Trinidad and Tobago;2014;0.7
Trinidad and Tobago;2015;1
Trinidad and Tobago;;
Trinidad and Tobago;_1;
Tunisia;2000;10
Tunisia;2001;9.4
Tunisia;2002;8.3
Tunisia;2003;9.3
Tunisia;2004;9.9
Tunisia;2005;9.2
Tunisia;2006;9.3
Tunisia;2007;8.6
Tunisia;2008;7.8
Tunisia;2009;8.5
Tunisia;2010;6.8
Tunisia;2011;7.6
Tunisia;2012;8.3
Tunisia;2013;8
Tunisia;2014;8.6
Tunisia;2015;9.2
Tunisia;;
Tunisia;_1;
Turkiye;2000;10
Turkiye;2001;8.8
Turkiye;2002;10.2
Turkiye;2003;9.8
Turkiye;2004;9.3
Turkiye;2005;9.2
Turkiye;2006;8.1
Turkiye;2007;7.5
Turkiye;2008;7.4
Turkiye;2009;8.1
Turkiye;2010;9
Turkiye;2011;8.2
Turkiye;2012;7.7
Turkiye;2013;6.7
Turkiye;2014;6.6
Turkiye;2015;6.9
Turkiye;;
Turkiye;_1;
Turkmenistan;2000;22.5
Turkmenistan;2001;23.1
Turkmenistan;2002;20.9
Turkmenistan;2003;19.1
Turkmenistan;2004;18.4
Turkmenistan;2005;18.5
Turkmenistan;2006;17.2
Turkmenistan;2007;18.9
Turkmenistan;2008;10.7
Turkmenistan;2009;10.5
Turkmenistan;2010;11.3
Turkmenistan;2011;8.9
Turkmenistan;2012;8.5
Turkmenistan;2013;8.5
Turkmenistan;2014;8.3
Turkmenistan;2015;9.3
Turkmenistan;;
Turkmenistan;_1;
Turks and Caicos Islands;2000;1.4
Turks and Caicos Islands;2001;1.3
Turks and Caicos Islands;2002;1.1
Turks and Caicos Islands;2003;1.3
Turks and Caicos Islands;2004;1.3
Turks and Caicos Islands;2005;1.1
Turks and Caicos Islands;2006;1
Turks and Caicos Islands;2007;0.9
Turks and Caicos Islands;2008;0.6
Turks and Caicos Islands;2009;0.7
Turks and Caicos Islands;2010;0.6
Turks and Caicos Islands;2011;0.6
Turks and Caicos Islands;2012;0.5
Turks and Caicos Islands;2013;0.6
Turks and Caicos Islands;2014;0.6
Turks and Caicos Islands;2015;0.5
Turks and Caicos Islands;;
Turks and Caicos Islands;_1;
Tuvalu;2000;16.3
Tuvalu;2001;17.3
Tuvalu;2002;15.9
Tuvalu;2003;16.3
Tuvalu;2004;17.6
Tuvalu;2005;19.4
Tuvalu;2006;21.7
Tuvalu;2007;22.1
Tuvalu;2008;21
Tuvalu;2009;23.3
Tuvalu;2010;26.5
Tuvalu;2011;25.8
Tuvalu;2012;19.6
Tuvalu;2013;19
Tuvalu;2014;18.2
Tuvalu;2015;15.9
Tuvalu;;
Tuvalu;_1;
Uganda;2000;27.5
Uganda;2001;27.9
Uganda;2002;23.4
Uganda;2003;24.5
Uganda;2004;21.7
Uganda;2005;25.1
Uganda;2006;24
Uganda;2007;22.3
Uganda;2008;21.4
Uganda;2009;34.1
Uganda;2010;32.3
Uganda;2011;28.7
Uganda;2012;26.9
Uganda;2013;26
Uganda;2014;24.9
Uganda;2015;23.5
Uganda;;
Uganda;_1;
Ukraine;2000;14
Ukraine;2001;14
Ukraine;2002;12.6
Ukraine;2003;10.5
Ukraine;2004;10.4
Ukraine;2005;8.9
Ukraine;2006;7.2
Ukraine;2007;6.3
Ukraine;2008;6.5
Ukraine;2009;6.9
Ukraine;2010;7.4
Ukraine;2011;8.2
Ukraine;2012;7.8
Ukraine;2013;8.7
Ukraine;2014;10.2
Ukraine;2015;12.1
Ukraine;;
Ukraine;_1;
United Arab Emirates;2000;2.3
United Arab Emirates;2001;2.2
United Arab Emirates;2002;2.2
United Arab Emirates;2003;1.9
United Arab Emirates;2004;1.7
United Arab Emirates;2005;1.4
United Arab Emirates;2006;1.1
United Arab Emirates;2007;1
United Arab Emirates;2008;0.8
United Arab Emirates;2009;1
United Arab Emirates;2010;0.8
United Arab Emirates;2011;0.7
United Arab Emirates;2012;0.6
United Arab Emirates;2013;0.6
United Arab Emirates;2014;0.6
United Arab Emirates;2015;0.7
United Arab Emirates;;
United Arab Emirates;_1;
United Kingdom;2000;0.8
United Kingdom;2001;0.8
United Kingdom;2002;0.9
United Kingdom;2003;0.8
United Kingdom;2004;0.7
United Kingdom;2005;0.5
United Kingdom;2006;0.6
United Kingdom;2007;0.6
United Kingdom;2008;0.7
United Kingdom;2009;0.7
United Kingdom;2010;0.6
United Kingdom;2011;0.7
United Kingdom;2012;0.6
United Kingdom;2013;0.6
United Kingdom;2014;0.7
United Kingdom;2015;0.6
United Kingdom;;
United Kingdom;_1;
United States;2000;1.2
United States;2001;1.1
United States;2002;1
United States;2003;1.1
United States;2004;1.3
United States;2005;1.2
United States;2006;1
United States;2007;1.1
United States;2008;1.1
United States;2009;1
United States;2010;1
United States;2011;1.2
United States;2012;1.1
United States;2013;1.3
United States;2014;1.2
United States;2015;1
United States;;
United States;_1;
Uruguay;2000;6
Uruguay;2001;5.6
Uruguay;2002;7.5
Uruguay;2003;9.6
Uruguay;2004;11
Uruguay;2005;8.7
Uruguay;2006;8.9
Uruguay;2007;8.5
Uruguay;2008;9.2
Uruguay;2009;7.9
Uruguay;2010;7.2
Uruguay;2011;8.8
Uruguay;2012;8.1
Uruguay;2013;7.6
Uruguay;2014;6.7
Uruguay;2015;6.1
Uruguay;;
Uruguay;_1;
Uzbekistan;2000;30.1
Uzbekistan;2001;30
Uzbekistan;2002;30.1
Uzbekistan;2003;28.5
Uzbekistan;2004;26.4
Uzbekistan;2005;26.3
Uzbekistan;2006;25.1
Uzbekistan;2007;23.2
Uzbekistan;2008;19.7
Uzbekistan;2009;18.6
Uzbekistan;2010;26.9
Uzbekistan;2011;29.7
Uzbekistan;2012;29
Uzbekistan;2013;27.8
Uzbekistan;2014;28.7
Uzbekistan;2015;29.2
Uzbekistan;;
Uzbekistan;_1;
Vanuatu;2000;23
Vanuatu;2001;23.5
Vanuatu;2002;24.3
Vanuatu;2003;22.8
Vanuatu;2004;23.6
Vanuatu;2005;22.3
Vanuatu;2006;21
Vanuatu;2007;21
Vanuatu;2008;20
Vanuatu;2009;19.4
Vanuatu;2010;19.5
Vanuatu;2011;20.9
Vanuatu;2012;21.6
Vanuatu;2013;21.5
Vanuatu;2014;23.4
Vanuatu;2015;22.4
Vanuatu;;
Vanuatu;_1;
Venezuela, RB;2000;3.9
Venezuela, RB;2001;4.2
Venezuela, RB;2002;3.8
Venezuela, RB;2003;4.3
Venezuela, RB;2004;3.7
Venezuela, RB;2005;3.7
Venezuela, RB;2006;3.7
Venezuela, RB;2007;3.8
Venezuela, RB;2008;4.2
Venezuela, RB;2009;5.7
Venezuela, RB;2010;5.4
Venezuela, RB;2011;5
Venezuela, RB;2012;5
Venezuela, RB;2013;4.9
Venezuela, RB;2014;5
Venezuela, RB;2015;..
Venezuela, RB;;
Venezuela, RB;_1;
Vietnam;2000;24.5
Vietnam;2001;23.2
Vietnam;2002;23
Vietnam;2003;22.5
Vietnam;2004;21.8
Vietnam;2005;19.3
Vietnam;2006;18.7
Vietnam;2007;18.7
Vietnam;2008;20.4
Vietnam;2009;19.2
Vietnam;2010;15.4
Vietnam;2011;16.3
Vietnam;2012;16.2
Vietnam;2013;15.2
Vietnam;2014;14.9
Vietnam;2015;14.5
Vietnam;;
Vietnam;_1;
Virgin Islands (U.S.);2000;..
Virgin Islands (U.S.);2001;..
Virgin Islands (U.S.);2002;..
Virgin Islands (U.S.);2003;..
Virgin Islands (U.S.);2004;..
Virgin Islands (U.S.);2005;..
Virgin Islands (U.S.);2006;..
Virgin Islands (U.S.);2007;..
Virgin Islands (U.S.);2008;..
Virgin Islands (U.S.);2009;..
Virgin Islands (U.S.);2010;..
Virgin Islands (U.S.);2011;..
Virgin Islands (U.S.);2012;..
Virgin Islands (U.S.);2013;..
Virgin Islands (U.S.);2014;..
Virgin Islands (U.S.);2015;..
Virgin Islands (U.S.);;
Virgin Islands (U.S.);_1;
West Bank and Gaza;2000;9.7
West Bank and Gaza;2001;8.5
West Bank and Gaza;2002;8
West Bank and Gaza;2003;7
West Bank and Gaza;2004;11.1
West Bank and Gaza;2005;9
West Bank and Gaza;2006;11.4
West Bank and Gaza;2007;8.9
West Bank and Gaza;2008;10.1
West Bank and Gaza;2009;10
West Bank and Gaza;2010;9
West Bank and Gaza;2011;8.3
West Bank and Gaza;2012;8.1
West Bank and Gaza;2013;7.6
West Bank and Gaza;2014;7.8
West Bank and Gaza;2015;7.4
West Bank and Gaza;;
West Bank and Gaza;_1;
Yemen, Rep.;2000;13.7
Yemen, Rep.;2001;14.1
Yemen, Rep.;2002;13.3
Yemen, Rep.;2003;12.9
Yemen, Rep.;2004;11.7
Yemen, Rep.;2005;10.6
Yemen, Rep.;2006;10.1
Yemen, Rep.;2007;9.9
Yemen, Rep.;2008;8.7
Yemen, Rep.;2009;10
Yemen, Rep.;2010;8.2
Yemen, Rep.;2011;8.5
Yemen, Rep.;2012;14.9
Yemen, Rep.;2013;14.6
Yemen, Rep.;2014;14.6
Yemen, Rep.;2015;14.1
Yemen, Rep.;;
Yemen, Rep.;_1;
Zambia;2000;16.1
Zambia;2001;15.5
Zambia;2002;15.4
Zambia;2003;15.6
Zambia;2004;15.6
Zambia;2005;14.6
Zambia;2006;13.2
Zambia;2007;12.1
Zambia;2008;11.5
Zambia;2009;11.6
Zambia;2010;9.4
Zambia;2011;9.6
Zambia;2012;9.3
Zambia;2013;8.2
Zambia;2014;6.8
Zambia;2015;5
Zambia;;
Zambia;_1;
Zimbabwe;2000;15.7
Zimbabwe;2001;15.6
Zimbabwe;2002;12.6
Zimbabwe;2003;14.8
Zimbabwe;2004;18.1
Zimbabwe;2005;17.1
Zimbabwe;2006;19.2
Zimbabwe;2007;21.2
Zimbabwe;2008;19
Zimbabwe;2009;10.7
Zimbabwe;2010;9.6
Zimbabwe;2011;8.7
Zimbabwe;2012;8
Zimbabwe;2013;7.1
Zimbabwe;2014;8.7
Zimbabwe;2015;8.3
Zimbabwe;;
Zimbabwe;_1;
;2000;
;2001;
;2002;
;2003;
;2004;
;2005;
;2006;
;2007;
;2008;
;2009;
;2010;
;2011;
;2012;
;2013;
;2014;
;2015;
;;
;_1;
;2000;
;2001;
;2002;
;2003;
;2004;
;2005;
;2006;
;2007;
;2008;
;2009;
;2010;
;2011;
;2012;
;2013;
;2014;
;2015;
;;
;_1;
;2000;
;2001;
;2002;
;2003;
;2004;
;2005;
;2006;
;2007;
;2008;
;2009;
;2010;
;2011;
;2012;
;2013;
;2014;
;2015;
;;
;_1;
;2000;
;2001;
;2002;
;2003;
;2004;
;2005;
;2006;
;2007;
;2008;
;2009;
;2010;
;2011;
;2012;
;2013;
;2014;
;2015;
;;
;_1;
;2000;
;2001;
;2002;
;2003;
;2004;
;2005;
;2006;
;2007;
;2008;
;2009;
;2010;
;2011;
;2012;
;2013;
;2014;
;2015;
;;
;_1;
;2000;
;2001;
;2002;
;2003;
;2004;
;2005;
;2006;
;2007;
;2008;
;2009;
;2010;
;2011;
;2012;
;2013;
;2014;
;2015;
;;
;_1;
;2000;
;2001;
;2002;
;2003;
;2004;
;2005;
;2006;
;2007;
;2008;
;2009;
;2010;
;2011;
;2012;
;2013;
;2014;
;2015;
;;
;_1;
;2000;
;2001;
;2002;
;2003;
;2004;
;2005;
;2006;
;2007;
;2008;
;2009;
;2010;
;2011;
;2012;
;2013;
;2014;
;2015;
;;
;_1;
;2000;
;2001;
;2002;
;2003;
;2004;
;2005;
;2006;
;2007;
;2008;
;2009;
;2010;
;2011;
;2012;
;2013;
;2014;
;2015;
;;
;_1;
;2000;
;2001;
;2002;
;2003;
;2004;
;2005;
;2006;
;2007;
;2008;
;2009;
;2010;
;2011;
;2012;
;2013;
;2014;
;2015;
;;
;_1;
