Country ;YEAR;LifeExp
Afghanistan;2000;55.3
Afghanistan;2001;55.8
Afghanistan;2002;56.5
Afghanistan;2003;57.3
Afghanistan;2004;57.9
Afghanistan;2005;58.4
Afghanistan;2006;58.7
Afghanistan;2007;59.1
Afghanistan;2008;59.9
Afghanistan;2009;60.4
Afghanistan;2010;60.9
Afghanistan;2011;61.4
Afghanistan;2012;61.9
Afghanistan;2013;62.4
Afghanistan;2014;62.5
Afghanistan;2015;62.7
Albania;2000;75.4
Albania;2001;75.6
Albania;2002;75.9
Albania;2003;76.1
Albania;2004;76.4
Albania;2005;76.6
Albania;2006;76.8
Albania;2007;77.5
Albania;2008;77.7
Albania;2009;77.8
Albania;2010;77.9
Albania;2011;78.1
Albania;2012;78.1
Albania;2013;78.1
Albania;2014;78.4
Albania;2015;78.6
Algeria;2000;70.5
Algeria;2001;70.8
Algeria;2002;71.2
Algeria;2003;71.3
Algeria;2004;71.8
Algeria;2005;72.1
Algeria;2006;72.3
Algeria;2007;72.6
Algeria;2008;72.9
Algeria;2009;73.6
Algeria;2010;73.8
Algeria;2011;74.1
Algeria;2012;74.2
Algeria;2013;74.6
Algeria;2014;75.1
Algeria;2015;75.6
American Samoa;2000;..
American Samoa;2001;..
American Samoa;2002;..
American Samoa;2003;..
American Samoa;2004;..
American Samoa;2005;..
American Samoa;2006;..
American Samoa;2007;..
American Samoa;2008;..
American Samoa;2009;..
American Samoa;2010;..
American Samoa;2011;..
American Samoa;2012;..
American Samoa;2013;..
American Samoa;2014;..
American Samoa;2015;..
Andorra;2000;..
Andorra;2001;..
Andorra;2002;..
Andorra;2003;..
Andorra;2004;..
Andorra;2005;..
Andorra;2006;..
Andorra;2007;..
Andorra;2008;..
Andorra;2009;..
Andorra;2010;..
Andorra;2011;..
Andorra;2012;..
Andorra;2013;..
Andorra;2014;..
Andorra;2015;..
Angola;2000;46
Angola;2001;46.6
Angola;2002;47.4
Angola;2003;49.6
Angola;2004;50.6
Angola;2005;51.6
Angola;2006;52.4
Angola;2007;53.6
Angola;2008;54.6
Angola;2009;55.8
Angola;2010;56.7
Angola;2011;57.6
Angola;2012;58.6
Angola;2013;59.3
Angola;2014;60
Angola;2015;60.7
Antigua and Barbuda;2000;74.6
Antigua and Barbuda;2001;75.1
Antigua and Barbuda;2002;75.5
Antigua and Barbuda;2003;75.5
Antigua and Barbuda;2004;75.7
Antigua and Barbuda;2005;75.8
Antigua and Barbuda;2006;75.8
Antigua and Barbuda;2007;76.1
Antigua and Barbuda;2008;76.4
Antigua and Barbuda;2009;76.7
Antigua and Barbuda;2010;76.8
Antigua and Barbuda;2011;77.1
Antigua and Barbuda;2012;77.4
Antigua and Barbuda;2013;77.6
Antigua and Barbuda;2014;77.9
Antigua and Barbuda;2015;77.9
Argentina;2000;73.9
Argentina;2001;74.2
Argentina;2002;74.4
Argentina;2003;74.1
Argentina;2004;74.9
Argentina;2005;75.1
Argentina;2006;75.4
Argentina;2007;75
Argentina;2008;75.6
Argentina;2009;75.9
Argentina;2010;75.7
Argentina;2011;76.1
Argentina;2012;76.5
Argentina;2013;76.5
Argentina;2014;76.8
Argentina;2015;76.8
Armenia;2000;70.6
Armenia;2001;70.9
Armenia;2002;71
Armenia;2003;71.4
Armenia;2004;71.4
Armenia;2005;71.8
Armenia;2006;72
Armenia;2007;72.3
Armenia;2008;72.4
Armenia;2009;72.8
Armenia;2010;73.2
Armenia;2011;73.3
Armenia;2012;73.5
Armenia;2013;73.7
Armenia;2014;74.1
Armenia;2015;74.4
Aruba;2000;73.6
Aruba;2001;73.6
Aruba;2002;73.7
Aruba;2003;73.8
Aruba;2004;73.6
Aruba;2005;73.8
Aruba;2006;74
Aruba;2007;74.2
Aruba;2008;74.1
Aruba;2009;74.6
Aruba;2010;75.4
Aruba;2011;75.5
Aruba;2012;75.5
Aruba;2013;75.6
Aruba;2014;75.6
Aruba;2015;75.7
Australia;2000;79.2
Australia;2001;79.6
Australia;2002;79.9
Australia;2003;80.2
Australia;2004;80.5
Australia;2005;80.8
Australia;2006;81
Australia;2007;81.3
Australia;2008;81.4
Australia;2009;81.5
Australia;2010;81.7
Australia;2011;81.9
Australia;2012;82
Australia;2013;82.1
Australia;2014;82.3
Australia;2015;82.4
Austria;2000;78.1
Austria;2001;78.6
Austria;2002;78.7
Austria;2003;78.6
Austria;2004;79.2
Austria;2005;79.3
Austria;2006;79.9
Austria;2007;80.2
Austria;2008;80.4
Austria;2009;80.3
Austria;2010;80.6
Austria;2011;81
Austria;2012;80.9
Austria;2013;81.1
Austria;2014;81.5
Austria;2015;81.2
Azerbaijan;2000;64.9
Azerbaijan;2001;65.5
Azerbaijan;2002;66.2
Azerbaijan;2003;66.8
Azerbaijan;2004;67.3
Azerbaijan;2005;67.6
Azerbaijan;2006;68.2
Azerbaijan;2007;68.6
Azerbaijan;2008;68.8
Azerbaijan;2009;69.4
Azerbaijan;2010;69.5
Azerbaijan;2011;70
Azerbaijan;2012;70.4
Azerbaijan;2013;70.9
Azerbaijan;2014;71.1
Azerbaijan;2015;71.5
Bahamas, The;2000;72
Bahamas, The;2001;72.1
Bahamas, The;2002;72.2
Bahamas, The;2003;72.4
Bahamas, The;2004;72.5
Bahamas, The;2005;72.8
Bahamas, The;2006;72.9
Bahamas, The;2007;72.7
Bahamas, The;2008;72.7
Bahamas, The;2009;72.6
Bahamas, The;2010;72.7
Bahamas, The;2011;72.6
Bahamas, The;2012;72.8
Bahamas, The;2013;73
Bahamas, The;2014;73.4
Bahamas, The;2015;73.1
Bahrain;2000;75.5
Bahrain;2001;75.9
Bahrain;2002;76.1
Bahrain;2003;76.3
Bahrain;2004;76.6
Bahrain;2005;76.9
Bahrain;2006;77.2
Bahrain;2007;77.6
Bahrain;2008;78.1
Bahrain;2009;78.5
Bahrain;2010;78.7
Bahrain;2011;78.9
Bahrain;2012;79.1
Bahrain;2013;79.2
Bahrain;2014;79.3
Bahrain;2015;79.4
Bangladesh;2000;65.8
Bangladesh;2001;66.1
Bangladesh;2002;66.6
Bangladesh;2003;66.8
Bangladesh;2004;67.2
Bangladesh;2005;67.3
Bangladesh;2006;67.2
Bangladesh;2007;66.7
Bangladesh;2008;67.1
Bangladesh;2009;67.4
Bangladesh;2010;68.6
Bangladesh;2011;68.8
Bangladesh;2012;69.6
Bangladesh;2013;69.6
Bangladesh;2014;70
Bangladesh;2015;70.5
Barbados;2000;74.1
Barbados;2001;74.2
Barbados;2002;74.4
Barbados;2003;74.5
Barbados;2004;74.7
Barbados;2005;74.9
Barbados;2006;75.1
Barbados;2007;75.3
Barbados;2008;75.4
Barbados;2009;75.7
Barbados;2010;75.7
Barbados;2011;75.9
Barbados;2012;76.1
Barbados;2013;76.3
Barbados;2014;76.5
Barbados;2015;76.7
Belarus;2000;68.9
Belarus;2001;68.5
Belarus;2002;68.1
Belarus;2003;68.6
Belarus;2004;69
Belarus;2005;68.9
Belarus;2006;69.4
Belarus;2007;70.2
Belarus;2008;70.5
Belarus;2009;70.4
Belarus;2010;70.4
Belarus;2011;70.6
Belarus;2012;72
Belarus;2013;72.5
Belarus;2014;73
Belarus;2015;73.6
Belgium;2000;77.7
Belgium;2001;78
Belgium;2002;78.1
Belgium;2003;78.1
Belgium;2004;78.9
Belgium;2005;79
Belgium;2006;79.4
Belgium;2007;79.8
Belgium;2008;79.7
Belgium;2009;80
Belgium;2010;80.2
Belgium;2011;80.6
Belgium;2012;80.4
Belgium;2013;80.6
Belgium;2014;81.3
Belgium;2015;81
Belize;2000;68.6
Belize;2001;68.4
Belize;2002;68.8
Belize;2003;68.9
Belize;2004;69.2
Belize;2005;69.4
Belize;2006;70.1
Belize;2007;70.7
Belize;2008;71.2
Belize;2009;71.8
Belize;2010;72.3
Belize;2011;72.7
Belize;2012;73.2
Belize;2013;73.7
Belize;2014;73.3
Belize;2015;73.2
Benin;2000;56.6
Benin;2001;56.7
Benin;2002;56.6
Benin;2003;56.7
Benin;2004;56.8
Benin;2005;57.1
Benin;2006;57.5
Benin;2007;57.7
Benin;2008;57.9
Benin;2009;58
Benin;2010;58.4
Benin;2011;58.5
Benin;2012;58.7
Benin;2013;59
Benin;2014;59.1
Benin;2015;59.4
Bermuda;2000;78.9
Bermuda;2001;79.9
Bermuda;2002;80.6
Bermuda;2003;79.3
Bermuda;2004;81.1
Bermuda;2005;77.9
Bermuda;2006;77.6
Bermuda;2007;79.4
Bermuda;2008;78.6
Bermuda;2009;80
Bermuda;2010;80.5
Bermuda;2011;81.4
Bermuda;2012;81.3
Bermuda;2013;80
Bermuda;2014;79.5
Bermuda;2015;80.9
Bhutan;2000;62
Bhutan;2001;63.4
Bhutan;2002;64.1
Bhutan;2003;64.7
Bhutan;2004;65.3
Bhutan;2005;65.8
Bhutan;2006;66.4
Bhutan;2007;67
Bhutan;2008;67.5
Bhutan;2009;67.9
Bhutan;2010;68.4
Bhutan;2011;68.9
Bhutan;2012;69.3
Bhutan;2013;69.7
Bhutan;2014;70
Bhutan;2015;70.3
Bolivia;2000;62.3
Bolivia;2001;62.8
Bolivia;2002;63.3
Bolivia;2003;63.6
Bolivia;2004;64
Bolivia;2005;64.4
Bolivia;2006;64.8
Bolivia;2007;65
Bolivia;2008;65.4
Bolivia;2009;65.9
Bolivia;2010;66.2
Bolivia;2011;66.5
Bolivia;2012;66.7
Bolivia;2013;67
Bolivia;2014;67.2
Bolivia;2015;67.3
Bosnia and Herzegovina;2000;74.5
Bosnia and Herzegovina;2001;75.1
Bosnia and Herzegovina;2002;74.6
Bosnia and Herzegovina;2003;75.8
Bosnia and Herzegovina;2004;76.1
Bosnia and Herzegovina;2005;75.4
Bosnia and Herzegovina;2006;76.2
Bosnia and Herzegovina;2007;76.2
Bosnia and Herzegovina;2008;76.8
Bosnia and Herzegovina;2009;77
Bosnia and Herzegovina;2010;77.1
Bosnia and Herzegovina;2011;77
Bosnia and Herzegovina;2012;77.2
Bosnia and Herzegovina;2013;76.3
Bosnia and Herzegovina;2014;75.7
Bosnia and Herzegovina;2015;76.2
Botswana;2000;51
Botswana;2001;50.7
Botswana;2002;50.6
Botswana;2003;50.9
Botswana;2004;51.6
Botswana;2005;52.6
Botswana;2006;53.9
Botswana;2007;55.7
Botswana;2008;57.1
Botswana;2009;58.3
Botswana;2010;60
Botswana;2011;60.5
Botswana;2012;60.8
Botswana;2013;62
Botswana;2014;62.6
Botswana;2015;63.8
Brazil;2000;69.7
Brazil;2001;70.2
Brazil;2002;70.4
Brazil;2003;70.7
Brazil;2004;71.1
Brazil;2005;71.8
Brazil;2006;72
Brazil;2007;72.4
Brazil;2008;72.7
Brazil;2009;72.9
Brazil;2010;73.2
Brazil;2011;73.3
Brazil;2012;73.6
Brazil;2013;73.9
Brazil;2014;74.3
Brazil;2015;74.3
British Virgin Islands;2000;74
British Virgin Islands;2001;73.8
British Virgin Islands;2002;73.9
British Virgin Islands;2003;74
British Virgin Islands;2004;74.3
British Virgin Islands;2005;74.7
British Virgin Islands;2006;74.9
British Virgin Islands;2007;75
British Virgin Islands;2008;75
British Virgin Islands;2009;75.3
British Virgin Islands;2010;75.4
British Virgin Islands;2011;75.5
British Virgin Islands;2012;75.5
British Virgin Islands;2013;75.6
British Virgin Islands;2014;75.6
British Virgin Islands;2015;75.7
Brunei Darussalam;2000;74.1
Brunei Darussalam;2001;74.3
Brunei Darussalam;2002;74.4
Brunei Darussalam;2003;74.6
Brunei Darussalam;2004;74.7
Brunei Darussalam;2005;74.7
Brunei Darussalam;2006;74.8
Brunei Darussalam;2007;74.8
Brunei Darussalam;2008;74.8
Brunei Darussalam;2009;74.8
Brunei Darussalam;2010;74.8
Brunei Darussalam;2011;74.9
Brunei Darussalam;2012;74.8
Brunei Darussalam;2013;74.8
Brunei Darussalam;2014;74.8
Brunei Darussalam;2015;74.8
Bulgaria;2000;71.7
Bulgaria;2001;71.8
Bulgaria;2002;71.9
Bulgaria;2003;72.1
Bulgaria;2004;72.6
Bulgaria;2005;72.6
Bulgaria;2006;72.6
Bulgaria;2007;72.7
Bulgaria;2008;73
Bulgaria;2009;73.4
Bulgaria;2010;73.5
Bulgaria;2011;74.2
Bulgaria;2012;74.3
Bulgaria;2013;74.9
Bulgaria;2014;74.5
Bulgaria;2015;74.6
Burkina Faso;2000;50.8
Burkina Faso;2001;51.1
Burkina Faso;2002;51.3
Burkina Faso;2003;51.8
Burkina Faso;2004;52.4
Burkina Faso;2005;53.1
Burkina Faso;2006;53.7
Burkina Faso;2007;54.4
Burkina Faso;2008;55.3
Burkina Faso;2009;56
Burkina Faso;2010;56.5
Burkina Faso;2011;57.1
Burkina Faso;2012;57.6
Burkina Faso;2013;57.8
Burkina Faso;2014;58.4
Burkina Faso;2015;58.8
Burundi;2000;47.5
Burundi;2001;48.4
Burundi;2002;49.9
Burundi;2003;50.9
Burundi;2004;52
Burundi;2005;53
Burundi;2006;53.9
Burundi;2007;54.7
Burundi;2008;55.7
Burundi;2009;56.4
Burundi;2010;57.1
Burundi;2011;57.8
Burundi;2012;58.5
Burundi;2013;59.2
Burundi;2014;59.9
Burundi;2015;60.2
Cabo Verde;2000;68.6
Cabo Verde;2001;69.9
Cabo Verde;2002;70.7
Cabo Verde;2003;71.4
Cabo Verde;2004;72
Cabo Verde;2005;72.7
Cabo Verde;2006;72.2
Cabo Verde;2007;72.8
Cabo Verde;2008;72.5
Cabo Verde;2009;73.1
Cabo Verde;2010;73.5
Cabo Verde;2011;74.3
Cabo Verde;2012;74.5
Cabo Verde;2013;75.1
Cabo Verde;2014;75.2
Cabo Verde;2015;74.6
Cambodia;2000;58.6
Cambodia;2001;60
Cambodia;2002;61.2
Cambodia;2003;62.5
Cambodia;2004;63.6
Cambodia;2005;64.3
Cambodia;2006;65.1
Cambodia;2007;65.7
Cambodia;2008;66.5
Cambodia;2009;67.4
Cambodia;2010;67.7
Cambodia;2011;68.4
Cambodia;2012;68.9
Cambodia;2013;69.3
Cambodia;2014;69.7
Cambodia;2015;69.9
Cameroon;2000;52.9
Cameroon;2001;53.1
Cameroon;2002;53.4
Cameroon;2003;53.9
Cameroon;2004;54.2
Cameroon;2005;54.4
Cameroon;2006;54.9
Cameroon;2007;55.2
Cameroon;2008;55.7
Cameroon;2009;56.1
Cameroon;2010;56.6
Cameroon;2011;57.1
Cameroon;2012;57.8
Cameroon;2013;58.5
Cameroon;2014;58.9
Cameroon;2015;59.7
Canada;2000;79.2
Canada;2001;79.4
Canada;2002;79.5
Canada;2003;79.7
Canada;2004;80
Canada;2005;80.1
Canada;2006;80.5
Canada;2007;80.5
Canada;2008;80.7
Canada;2009;81.1
Canada;2010;81.3
Canada;2011;81.5
Canada;2012;81.7
Canada;2013;81.7
Canada;2014;81.8
Canada;2015;81.8
Cayman Islands;2000;..
Cayman Islands;2001;..
Cayman Islands;2002;..
Cayman Islands;2003;..
Cayman Islands;2004;..
Cayman Islands;2005;..
Cayman Islands;2006;..
Cayman Islands;2007;..
Cayman Islands;2008;..
Cayman Islands;2009;..
Cayman Islands;2010;82.2
Cayman Islands;2011;..
Cayman Islands;2012;..
Cayman Islands;2013;..
Cayman Islands;2014;..
Cayman Islands;2015;..
Central African Republic;2000;45.4
Central African Republic;2001;45.4
Central African Republic;2002;45.4
Central African Republic;2003;45.8
Central African Republic;2004;46
Central African Republic;2005;46.4
Central African Republic;2006;46.9
Central African Republic;2007;47.4
Central African Republic;2008;48
Central African Republic;2009;48.6
Central African Republic;2010;49.3
Central African Republic;2011;49.9
Central African Republic;2012;50.7
Central African Republic;2013;50.9
Central African Republic;2014;50.6
Central African Republic;2015;52.8
Chad;2000;47.4
Chad;2001;47.9
Chad;2002;47.9
Chad;2003;48.2
Chad;2004;48.2
Chad;2005;48.3
Chad;2006;48.3
Chad;2007;48.8
Chad;2008;49
Chad;2009;49.2
Chad;2010;49.6
Chad;2011;50
Chad;2012;50.5
Chad;2013;50.8
Chad;2014;51.2
Chad;2015;51.6
Channel Islands;2000;79.2
Channel Islands;2001;79.3
Channel Islands;2002;78.9
Channel Islands;2003;79.6
Channel Islands;2004;80.1
Channel Islands;2005;80.3
Channel Islands;2006;80.7
Channel Islands;2007;81.2
Channel Islands;2008;81.3
Channel Islands;2009;81
Channel Islands;2010;81.1
Channel Islands;2011;81.7
Channel Islands;2012;81.3
Channel Islands;2013;81.5
Channel Islands;2014;81.9
Channel Islands;2015;81.4
Chile;2000;76.9
Chile;2001;76.8
Chile;2002;77.4
Chile;2003;77.4
Chile;2004;77.6
Chile;2005;78
Chile;2006;78.3
Chile;2007;77.8
Chile;2008;78.5
Chile;2009;78.7
Chile;2010;78.5
Chile;2011;79.1
Chile;2012;79
Chile;2013;79.3
Chile;2014;79.5
Chile;2015;79.7
China;2000;71.9
China;2001;72.6
China;2002;73
China;2003;73.4
China;2004;73.7
China;2005;74.1
China;2006;74.5
China;2007;74.8
China;2008;74.9
China;2009;75.3
China;2010;75.6
China;2011;75.9
China;2012;76.2
China;2013;76.5
China;2014;76.7
China;2015;77
Colombia;2000;71.3
Colombia;2001;71.5
Colombia;2002;71.9
Colombia;2003;72.4
Colombia;2004;72.7
Colombia;2005;73.1
Colombia;2006;73.5
Colombia;2007;73.8
Colombia;2008;74.3
Colombia;2009;74.7
Colombia;2010;75
Colombia;2011;75.3
Colombia;2012;75.6
Colombia;2013;75.8
Colombia;2014;76
Colombia;2015;76.3
Comoros;2000;58.8
Comoros;2001;59.2
Comoros;2002;59.1
Comoros;2003;59.3
Comoros;2004;59.5
Comoros;2005;59.6
Comoros;2006;59.9
Comoros;2007;60.1
Comoros;2008;60.5
Comoros;2009;60.8
Comoros;2010;61.1
Comoros;2011;61.5
Comoros;2012;61.8
Comoros;2013;62.2
Comoros;2014;62.5
Comoros;2015;62.9
Congo, Dem. Rep.;2000;51.8
Congo, Dem. Rep.;2001;52.1
Congo, Dem. Rep.;2002;52.3
Congo, Dem. Rep.;2003;52.8
Congo, Dem. Rep.;2004;53.4
Congo, Dem. Rep.;2005;53.9
Congo, Dem. Rep.;2006;54.5
Congo, Dem. Rep.;2007;54.9
Congo, Dem. Rep.;2008;55.3
Congo, Dem. Rep.;2009;55.8
Congo, Dem. Rep.;2010;56.4
Congo, Dem. Rep.;2011;57.1
Congo, Dem. Rep.;2012;57.2
Congo, Dem. Rep.;2013;57.8
Congo, Dem. Rep.;2014;58.3
Congo, Dem. Rep.;2015;58.5
Congo, Rep.;2000;53.7
Congo, Rep.;2001;54.4
Congo, Rep.;2002;55.1
Congo, Rep.;2003;55.9
Congo, Rep.;2004;57
Congo, Rep.;2005;58.1
Congo, Rep.;2006;58.9
Congo, Rep.;2007;59.6
Congo, Rep.;2008;60.4
Congo, Rep.;2009;61.1
Congo, Rep.;2010;61.7
Congo, Rep.;2011;62
Congo, Rep.;2012;62.3
Congo, Rep.;2013;62.7
Congo, Rep.;2014;63
Congo, Rep.;2015;63.2
Costa Rica;2000;77.6
Costa Rica;2001;77.5
Costa Rica;2002;78
Costa Rica;2003;78.1
Costa Rica;2004;78.3
Costa Rica;2005;78.5
Costa Rica;2006;78.5
Costa Rica;2007;78.5
Costa Rica;2008;78.4
Costa Rica;2009;78.7
Costa Rica;2010;78.7
Costa Rica;2011;79.3
Costa Rica;2012;79.3
Costa Rica;2013;79.4
Costa Rica;2014;78.8
Costa Rica;2015;79.1
Cote d'Ivoire;2000;50.8
Cote d'Ivoire;2001;50.8
Cote d'Ivoire;2002;50.9
Cote d'Ivoire;2003;51
Cote d'Ivoire;2004;51.4
Cote d'Ivoire;2005;51.8
Cote d'Ivoire;2006;52.4
Cote d'Ivoire;2007;53
Cote d'Ivoire;2008;53.7
Cote d'Ivoire;2009;54.4
Cote d'Ivoire;2010;55
Cote d'Ivoire;2011;55.5
Cote d'Ivoire;2012;56.2
Cote d'Ivoire;2013;56.7
Cote d'Ivoire;2014;57.2
Cote d'Ivoire;2015;57.8
Croatia;2000;72.8
Croatia;2001;74.5
Croatia;2002;74.7
Croatia;2003;74.6
Croatia;2004;75.5
Croatia;2005;75.2
Croatia;2006;75.8
Croatia;2007;75.7
Croatia;2008;75.9
Croatia;2009;76.2
Croatia;2010;76.5
Croatia;2011;76.8
Croatia;2012;76.9
Croatia;2013;77.1
Croatia;2014;77.5
Croatia;2015;77.3
Cuba;2000;76.2
Cuba;2001;76.4
Cuba;2002;76.6
Cuba;2003;76.8
Cuba;2004;76.9
Cuba;2005;77
Cuba;2006;77.2
Cuba;2007;77.3
Cuba;2008;77.4
Cuba;2009;77.5
Cuba;2010;77.7
Cuba;2011;77.8
Cuba;2012;77.8
Cuba;2013;77.9
Cuba;2014;77.9
Cuba;2015;77.8
Curacao;2000;73
Curacao;2001;73.1
Curacao;2002;73.2
Curacao;2003;73.4
Curacao;2004;73.4
Curacao;2005;73.6
Curacao;2006;74.7
Curacao;2007;75.4
Curacao;2008;75.3
Curacao;2009;76.2
Curacao;2010;..
Curacao;2011;77.5
Curacao;2012;77.5
Curacao;2013;77.8
Curacao;2014;78
Curacao;2015;78.1
Cyprus;2000;76.6
Cyprus;2001;77
Cyprus;2002;77.5
Cyprus;2003;77.8
Cyprus;2004;77.9
Cyprus;2005;78.1
Cyprus;2006;78.4
Cyprus;2007;78.8
Cyprus;2008;79
Cyprus;2009;79.4
Cyprus;2010;79.7
Cyprus;2011;80
Cyprus;2012;80.1
Cyprus;2013;80.4
Cyprus;2014;80.8
Cyprus;2015;81
Czechia;2000;75
Czechia;2001;75.2
Czechia;2002;75.2
Czechia;2003;75.2
Czechia;2004;75.7
Czechia;2005;75.9
Czechia;2006;76.5
Czechia;2007;76.7
Czechia;2008;77
Czechia;2009;77.1
Czechia;2010;77.4
Czechia;2011;77.9
Czechia;2012;78.1
Czechia;2013;78.2
Czechia;2014;78.8
Czechia;2015;78.6
Denmark;2000;76.6
Denmark;2001;76.8
Denmark;2002;76.9
Denmark;2003;77.1
Denmark;2004;77.5
Denmark;2005;77.8
Denmark;2006;78.1
Denmark;2007;78.2
Denmark;2008;78.4
Denmark;2009;78.6
Denmark;2010;79.1
Denmark;2011;79.8
Denmark;2012;80.1
Denmark;2013;80.3
Denmark;2014;80.7
Denmark;2015;80.7
Djibouti;2000;56.6
Djibouti;2001;56.9
Djibouti;2002;57.2
Djibouti;2003;57.6
Djibouti;2004;57.8
Djibouti;2005;58.3
Djibouti;2006;58.7
Djibouti;2007;59
Djibouti;2008;59.4
Djibouti;2009;59.7
Djibouti;2010;60.3
Djibouti;2011;60.4
Djibouti;2012;60.8
Djibouti;2013;61.2
Djibouti;2014;61.6
Djibouti;2015;62
Dominica;2000;72.7
Dominica;2001;71.7
Dominica;2002;72.3
Dominica;2003;71.4
Dominica;2004;72.4
Dominica;2005;72.3
Dominica;2006;72.8
Dominica;2007;71.9
Dominica;2008;73.3
Dominica;2009;72.2
Dominica;2010;71.6
Dominica;2011;69.7
Dominica;2012;70.5
Dominica;2013;68.9
Dominica;2014;69.4
Dominica;2015;68.7
Dominican Republic;2000;69.4
Dominican Republic;2001;69.6
Dominican Republic;2002;69.9
Dominican Republic;2003;70.3
Dominican Republic;2004;70.3
Dominican Republic;2005;70.9
Dominican Republic;2006;71.2
Dominican Republic;2007;71.4
Dominican Republic;2008;71.7
Dominican Republic;2009;71.9
Dominican Republic;2010;72.1
Dominican Republic;2011;72.2
Dominican Republic;2012;72.5
Dominican Republic;2013;72.7
Dominican Republic;2014;72.9
Dominican Republic;2015;73
Ecuador;2000;72.8
Ecuador;2001;73.2
Ecuador;2002;73.6
Ecuador;2003;74
Ecuador;2004;74.3
Ecuador;2005;74.5
Ecuador;2006;74.7
Ecuador;2007;74.8
Ecuador;2008;75
Ecuador;2009;75.2
Ecuador;2010;75.4
Ecuador;2011;75.7
Ecuador;2012;76.1
Ecuador;2013;76.4
Ecuador;2014;76.6
Ecuador;2015;76.8
Egypt, Arab Rep.;2000;68
Egypt, Arab Rep.;2001;68.3
Egypt, Arab Rep.;2002;68.6
Egypt, Arab Rep.;2003;68.4
Egypt, Arab Rep.;2004;68.6
Egypt, Arab Rep.;2005;68.8
Egypt, Arab Rep.;2006;69
Egypt, Arab Rep.;2007;69.1
Egypt, Arab Rep.;2008;69.3
Egypt, Arab Rep.;2009;69.5
Egypt, Arab Rep.;2010;69.7
Egypt, Arab Rep.;2011;69.9
Egypt, Arab Rep.;2012;70.1
Egypt, Arab Rep.;2013;70.1
Egypt, Arab Rep.;2014;70.4
Egypt, Arab Rep.;2015;70.5
El Salvador;2000;69.9
El Salvador;2001;69.6
El Salvador;2002;70.2
El Salvador;2003;70.1
El Salvador;2004;70.3
El Salvador;2005;70.4
El Salvador;2006;70.8
El Salvador;2007;71.1
El Salvador;2008;71.4
El Salvador;2009;71.6
El Salvador;2010;71.8
El Salvador;2011;71.9
El Salvador;2012;71.8
El Salvador;2013;71.8
El Salvador;2014;71.7
El Salvador;2015;71.8
Equatorial Guinea;2000;53.2
Equatorial Guinea;2001;53.6
Equatorial Guinea;2002;54.1
Equatorial Guinea;2003;54.6
Equatorial Guinea;2004;55
Equatorial Guinea;2005;55.5
Equatorial Guinea;2006;56
Equatorial Guinea;2007;56.5
Equatorial Guinea;2008;57.1
Equatorial Guinea;2009;57.4
Equatorial Guinea;2010;57.9
Equatorial Guinea;2011;58.4
Equatorial Guinea;2012;58.9
Equatorial Guinea;2013;59.2
Equatorial Guinea;2014;59.6
Equatorial Guinea;2015;60.1
Eritrea;2000;56.1
Eritrea;2001;58.3
Eritrea;2002;58.8
Eritrea;2003;59.4
Eritrea;2004;59.9
Eritrea;2005;60.6
Eritrea;2006;61.6
Eritrea;2007;62.1
Eritrea;2008;62.6
Eritrea;2009;63.3
Eritrea;2010;63.8
Eritrea;2011;64.4
Eritrea;2012;64.8
Eritrea;2013;65.1
Eritrea;2014;65.6
Eritrea;2015;66
Estonia;2000;70.4
Estonia;2001;70.3
Estonia;2002;70.9
Estonia;2003;71.3
Estonia;2004;71.9
Estonia;2005;72.6
Estonia;2006;72.7
Estonia;2007;72.8
Estonia;2008;73.8
Estonia;2009;74.8
Estonia;2010;75.4
Estonia;2011;76.2
Estonia;2012;76.3
Estonia;2013;77.1
Estonia;2014;77
Estonia;2015;77.6
Ethiopia;2000;50.5
Ethiopia;2001;51
Ethiopia;2002;51.5
Ethiopia;2003;52.5
Ethiopia;2004;53.2
Ethiopia;2005;54
Ethiopia;2006;55.1
Ethiopia;2007;56.4
Ethiopia;2008;57.6
Ethiopia;2009;58.8
Ethiopia;2010;59.7
Ethiopia;2011;60.7
Ethiopia;2012;61.5
Ethiopia;2013;62.4
Ethiopia;2014;62.9
Ethiopia;2015;63.6
Faroe Islands;2000;78.4
Faroe Islands;2001;78.6
Faroe Islands;2002;78.8
Faroe Islands;2003;78.9
Faroe Islands;2004;79.1
Faroe Islands;2005;79.3
Faroe Islands;2006;79.6
Faroe Islands;2007;80
Faroe Islands;2008;80.1
Faroe Islands;2009;80.4
Faroe Islands;2010;80.6
Faroe Islands;2011;80.9
Faroe Islands;2012;81.2
Faroe Islands;2013;81.4
Faroe Islands;2014;81.6
Faroe Islands;2015;81.8
Fiji;2000;66.3
Fiji;2001;66.3
Fiji;2002;65.7
Fiji;2003;66.2
Fiji;2004;66.4
Fiji;2005;66.6
Fiji;2006;66.9
Fiji;2007;66.8
Fiji;2008;66.9
Fiji;2009;67.1
Fiji;2010;67.3
Fiji;2011;67.5
Fiji;2012;67.6
Fiji;2013;67.4
Fiji;2014;67.4
Fiji;2015;66.8
Finland;2000;77.5
Finland;2001;78
Finland;2002;78.1
Finland;2003;78.4
Finland;2004;78.7
Finland;2005;78.8
Finland;2006;79.2
Finland;2007;79.3
Finland;2008;79.6
Finland;2009;79.7
Finland;2010;79.9
Finland;2011;80.5
Finland;2012;80.6
Finland;2013;81
Finland;2014;81.2
Finland;2015;81.5
France;2000;79.1
France;2001;79.2
France;2002;79.3
France;2003;79.1
France;2004;80.2
France;2005;80.2
France;2006;80.8
France;2007;81.1
France;2008;81.2
France;2009;81.4
France;2010;81.7
France;2011;82.1
France;2012;82
France;2013;82.2
France;2014;82.7
France;2015;82.3
French Polynesia;2000;79.5
French Polynesia;2001;79.7
French Polynesia;2002;79.7
French Polynesia;2003;79.7
French Polynesia;2004;79.7
French Polynesia;2005;79.7
French Polynesia;2006;79.8
French Polynesia;2007;80
French Polynesia;2008;80.3
French Polynesia;2009;80.7
French Polynesia;2010;81
French Polynesia;2011;81.4
French Polynesia;2012;81.8
French Polynesia;2013;82
French Polynesia;2014;82.2
French Polynesia;2015;82.4
Gabon;2000;61.1
Gabon;2001;61.3
Gabon;2002;61.3
Gabon;2003;61.7
Gabon;2004;61.8
Gabon;2005;62
Gabon;2006;62.4
Gabon;2007;62.6
Gabon;2008;63.1
Gabon;2009;63.3
Gabon;2010;63.9
Gabon;2011;64
Gabon;2012;64.6
Gabon;2013;64.8
Gabon;2014;65
Gabon;2015;65.5
Gambia, The;2000;56.9
Gambia, The;2001;57
Gambia, The;2002;57.1
Gambia, The;2003;57.6
Gambia, The;2004;58.1
Gambia, The;2005;58.4
Gambia, The;2006;59.1
Gambia, The;2007;59.4
Gambia, The;2008;60.1
Gambia, The;2009;60.4
Gambia, The;2010;60.7
Gambia, The;2011;61.5
Gambia, The;2012;62.1
Gambia, The;2013;62.1
Gambia, The;2014;62.3
Gambia, The;2015;62.5
Georgia;2000;69.6
Georgia;2001;69.6
Georgia;2002;70
Georgia;2003;70.3
Georgia;2004;70.6
Georgia;2005;71.1
Georgia;2006;71.4
Georgia;2007;71.6
Georgia;2008;71.3
Georgia;2009;72
Georgia;2010;72.1
Georgia;2011;72.4
Georgia;2012;72.4
Georgia;2013;72.6
Georgia;2014;73.1
Georgia;2015;73.3
Germany;2000;77.9
Germany;2001;78.3
Germany;2002;78.2
Germany;2003;78.4
Germany;2004;78.7
Germany;2005;78.9
Germany;2006;79.1
Germany;2007;79.5
Germany;2008;79.7
Germany;2009;79.8
Germany;2010;80
Germany;2011;80.4
Germany;2012;80.5
Germany;2013;80.5
Germany;2014;81.1
Germany;2015;80.6
Ghana;2000;58.2
Ghana;2001;58.1
Ghana;2002;58.6
Ghana;2003;59.1
Ghana;2004;59.2
Ghana;2005;59.8
Ghana;2006;60
Ghana;2007;60.2
Ghana;2008;60.5
Ghana;2009;60.9
Ghana;2010;61.2
Ghana;2011;61.7
Ghana;2012;62.1
Ghana;2013;62.4
Ghana;2014;63
Ghana;2015;63.2
Gibraltar;2000;81.4
Gibraltar;2001;81.1
Gibraltar;2002;80.3
Gibraltar;2003;79.7
Gibraltar;2004;80.9
Gibraltar;2005;81.4
Gibraltar;2006;80.4
Gibraltar;2007;78.5
Gibraltar;2008;80.1
Gibraltar;2009;81.2
Gibraltar;2010;81
Gibraltar;2011;81.9
Gibraltar;2012;83.4
Gibraltar;2013;80.6
Gibraltar;2014;81.9
Gibraltar;2015;80.4
Greece;2000;77.9
Greece;2001;78.4
Greece;2002;78.6
Greece;2003;78.8
Greece;2004;79
Greece;2005;79.2
Greece;2006;79.4
Greece;2007;79.4
Greece;2008;79.9
Greece;2009;80.2
Greece;2010;80.4
Greece;2011;80.7
Greece;2012;80.6
Greece;2013;81.3
Greece;2014;81.4
Greece;2015;81
Greenland;2000;66.1
Greenland;2001;66.7
Greenland;2002;67.2
Greenland;2003;68
Greenland;2004;68.6
Greenland;2005;68.4
Greenland;2006;68.6
Greenland;2007;69.3
Greenland;2008;70
Greenland;2009;70.5
Greenland;2010;70.3
Greenland;2011;69.8
Greenland;2012;70.6
Greenland;2013;71.6
Greenland;2014;72
Greenland;2015;72
Grenada;2000;72.8
Grenada;2001;73.1
Grenada;2002;73.2
Grenada;2003;73.2
Grenada;2004;71.8
Grenada;2005;73.5
Grenada;2006;73.7
Grenada;2007;74.3
Grenada;2008;74.7
Grenada;2009;75
Grenada;2010;75
Grenada;2011;75.3
Grenada;2012;75
Grenada;2013;75.1
Grenada;2014;75
Grenada;2015;75
Guam;2000;74.4
Guam;2001;75.4
Guam;2002;75.8
Guam;2003;76.5
Guam;2004;76.9
Guam;2005;77.2
Guam;2006;77.1
Guam;2007;77.1
Guam;2008;77.2
Guam;2009;77.1
Guam;2010;76.9
Guam;2011;76.9
Guam;2012;76.7
Guam;2013;76.7
Guam;2014;76.7
Guam;2015;76.6
Guatemala;2000;67.4
Guatemala;2001;67.9
Guatemala;2002;68.4
Guatemala;2003;68.8
Guatemala;2004;69.2
Guatemala;2005;69.2
Guatemala;2006;69.8
Guatemala;2007;70.1
Guatemala;2008;70.4
Guatemala;2009;70.6
Guatemala;2010;70.9
Guatemala;2011;71.2
Guatemala;2012;71.5
Guatemala;2013;71.7
Guatemala;2014;72
Guatemala;2015;72.1
Guinea;2000;52.5
Guinea;2001;52.7
Guinea;2002;53.3
Guinea;2003;53.7
Guinea;2004;54.1
Guinea;2005;54.6
Guinea;2006;55.1
Guinea;2007;55.6
Guinea;2008;56
Guinea;2009;56.3
Guinea;2010;56.7
Guinea;2011;57
Guinea;2012;57.4
Guinea;2013;57.8
Guinea;2014;57.9
Guinea;2015;58.1
Guinea-Bissau;2000;50.1
Guinea-Bissau;2001;50.4
Guinea-Bissau;2002;51
Guinea-Bissau;2003;51.4
Guinea-Bissau;2004;52.2
Guinea-Bissau;2005;52.2
Guinea-Bissau;2006;53.4
Guinea-Bissau;2007;54.2
Guinea-Bissau;2008;54.6
Guinea-Bissau;2009;55.5
Guinea-Bissau;2010;56.2
Guinea-Bissau;2011;57
Guinea-Bissau;2012;57.7
Guinea-Bissau;2013;58.2
Guinea-Bissau;2014;58.6
Guinea-Bissau;2015;59.1
Guyana;2000;64.5
Guyana;2001;64.8
Guyana;2002;64.7
Guyana;2003;64.6
Guyana;2004;64.9
Guyana;2005;65.1
Guyana;2006;65.7
Guyana;2007;66.3
Guyana;2008;66.3
Guyana;2009;66.6
Guyana;2010;66.7
Guyana;2011;67
Guyana;2012;67.2
Guyana;2013;67.5
Guyana;2014;67.9
Guyana;2015;68.2
Haiti;2000;58.4
Haiti;2001;58.5
Haiti;2002;58.9
Haiti;2003;59.5
Haiti;2004;58.5
Haiti;2005;60.4
Haiti;2006;60.8
Haiti;2007;61.1
Haiti;2008;61.3
Haiti;2009;61.7
Haiti;2010;46
Haiti;2011;61.6
Haiti;2012;62.3
Haiti;2013;62.6
Haiti;2014;63
Haiti;2015;63.2
Honduras;2000;68.7
Honduras;2001;69
Honduras;2002;69.4
Honduras;2003;69.5
Honduras;2004;69.8
Honduras;2005;70.1
Honduras;2006;70.3
Honduras;2007;70.4
Honduras;2008;70.4
Honduras;2009;70.9
Honduras;2010;71.1
Honduras;2011;71.4
Honduras;2012;71.7
Honduras;2013;72
Honduras;2014;72.3
Honduras;2015;72.5
Hong Kong SAR, China;2000;80.9
Hong Kong SAR, China;2001;81.4
Hong Kong SAR, China;2002;81.4
Hong Kong SAR, China;2003;81.4
Hong Kong SAR, China;2004;81.8
Hong Kong SAR, China;2005;81.6
Hong Kong SAR, China;2006;82.4
Hong Kong SAR, China;2007;82.3
Hong Kong SAR, China;2008;82.4
Hong Kong SAR, China;2009;82.8
Hong Kong SAR, China;2010;83
Hong Kong SAR, China;2011;83.4
Hong Kong SAR, China;2012;83.5
Hong Kong SAR, China;2013;83.8
Hong Kong SAR, China;2014;84
Hong Kong SAR, China;2015;84.3
Hungary;2000;71.2
Hungary;2001;72.2
Hungary;2002;72.3
Hungary;2003;72.3
Hungary;2004;72.6
Hungary;2005;72.6
Hungary;2006;73.1
Hungary;2007;73.2
Hungary;2008;73.7
Hungary;2009;73.9
Hungary;2010;74.2
Hungary;2011;74.9
Hungary;2012;75.1
Hungary;2013;75.6
Hungary;2014;75.8
Hungary;2015;75.6
Iceland;2000;79.7
Iceland;2001;80.7
Iceland;2002;80.5
Iceland;2003;81
Iceland;2004;81
Iceland;2005;81.5
Iceland;2006;81.2
Iceland;2007;81.5
Iceland;2008;81.6
Iceland;2009;81.8
Iceland;2010;81.9
Iceland;2011;82.4
Iceland;2012;82.9
Iceland;2013;82.1
Iceland;2014;82.9
Iceland;2015;82.5
India;2000;62.7
India;2001;63.1
India;2002;63.6
India;2003;64.1
India;2004;64.5
India;2005;65
India;2006;65.4
India;2007;65.8
India;2008;66.1
India;2009;66.5
India;2010;66.9
India;2011;67.4
India;2012;67.9
India;2013;68.5
India;2014;69.1
India;2015;69.6
Indonesia;2000;66.4
Indonesia;2001;66.8
Indonesia;2002;67.1
Indonesia;2003;67.4
Indonesia;2004;65.8
Indonesia;2005;67.6
Indonesia;2006;67.9
Indonesia;2007;68.2
Indonesia;2008;68.2
Indonesia;2009;68.5
Indonesia;2010;68.7
Indonesia;2011;68.8
Indonesia;2012;69
Indonesia;2013;69.3
Indonesia;2014;69.5
Indonesia;2015;69.7
Iran, Islamic Rep.;2000;69.7
Iran, Islamic Rep.;2001;70
Iran, Islamic Rep.;2002;70.4
Iran, Islamic Rep.;2003;69.8
Iran, Islamic Rep.;2004;71.4
Iran, Islamic Rep.;2005;71.8
Iran, Islamic Rep.;2006;72.3
Iran, Islamic Rep.;2007;72.8
Iran, Islamic Rep.;2008;72.6
Iran, Islamic Rep.;2009;72.7
Iran, Islamic Rep.;2010;73.1
Iran, Islamic Rep.;2011;73.7
Iran, Islamic Rep.;2012;74.2
Iran, Islamic Rep.;2013;74.4
Iran, Islamic Rep.;2014;74.8
Iran, Islamic Rep.;2015;75.1
Iraq;2000;66.8
Iraq;2001;67
Iraq;2002;67.1
Iraq;2003;65.6
Iraq;2004;65
Iraq;2005;64.8
Iraq;2006;63.6
Iraq;2007;63.6
Iraq;2008;64.9
Iraq;2009;66.4
Iraq;2010;67.1
Iraq;2011;67.7
Iraq;2012;68
Iraq;2013;68.3
Iraq;2014;68.9
Iraq;2015;69.4
Ireland;2000;76.5
Ireland;2001;77.1
Ireland;2002;77.6
Ireland;2003;78.1
Ireland;2004;78.5
Ireland;2005;78.9
Ireland;2006;79.2
Ireland;2007;79.6
Ireland;2008;80.1
Ireland;2009;80.2
Ireland;2010;80.7
Ireland;2011;80.7
Ireland;2012;80.8
Ireland;2013;80.9
Ireland;2014;81.3
Ireland;2015;81.5
Isle of Man;2000;74.7
Isle of Man;2001;75.5
Isle of Man;2002;75.4
Isle of Man;2003;76.1
Isle of Man;2004;77
Isle of Man;2005;77.6
Isle of Man;2006;78.2
Isle of Man;2007;78.3
Isle of Man;2008;78.4
Isle of Man;2009;78.7
Isle of Man;2010;79
Isle of Man;2011;79.2
Isle of Man;2012;79.3
Isle of Man;2013;79.5
Isle of Man;2014;80
Isle of Man;2015;78.9
Israel;2000;79
Israel;2001;79.4
Israel;2002;79.5
Israel;2003;79.6
Israel;2004;80.1
Israel;2005;80.2
Israel;2006;80.6
Israel;2007;80.5
Israel;2008;81
Israel;2009;81.4
Israel;2010;81.6
Israel;2011;81.7
Israel;2012;81.7
Israel;2013;82.1
Israel;2014;82.2
Israel;2015;82.1
Italy;2000;79.8
Italy;2001;80.1
Italy;2002;80.2
Italy;2003;80
Italy;2004;80.8
Italy;2005;80.8
Italy;2006;81.3
Italy;2007;81.4
Italy;2008;81.5
Italy;2009;81.6
Italy;2010;82
Italy;2011;82.2
Italy;2012;82.2
Italy;2013;82.7
Italy;2014;83.1
Italy;2015;82.5
Jamaica;2000;70.9
Jamaica;2001;70.8
Jamaica;2002;70.9
Jamaica;2003;70.8
Jamaica;2004;70.9
Jamaica;2005;71
Jamaica;2006;71.2
Jamaica;2007;71.4
Jamaica;2008;71.6
Jamaica;2009;72.1
Jamaica;2010;72.6
Jamaica;2011;73.1
Jamaica;2012;73.4
Jamaica;2013;73.4
Jamaica;2014;73
Jamaica;2015;72.4
Japan;2000;81.1
Japan;2001;81.4
Japan;2002;81.7
Japan;2003;81.8
Japan;2004;82
Japan;2005;82
Japan;2006;82.3
Japan;2007;82.5
Japan;2008;82.6
Japan;2009;82.9
Japan;2010;82.8
Japan;2011;82.6
Japan;2012;83.1
Japan;2013;83.3
Japan;2014;83.6
Japan;2015;83.8
Jordan;2000;71.9
Jordan;2001;72.1
Jordan;2002;72.4
Jordan;2003;72.6
Jordan;2004;72.8
Jordan;2005;72.9
Jordan;2006;73.1
Jordan;2007;73.4
Jordan;2008;73.6
Jordan;2009;73.8
Jordan;2010;74
Jordan;2011;74.2
Jordan;2012;74.4
Jordan;2013;74.6
Jordan;2014;74.8
Jordan;2015;75
Kazakhstan;2000;65.5
Kazakhstan;2001;65.8
Kazakhstan;2002;66
Kazakhstan;2003;65.7
Kazakhstan;2004;66.1
Kazakhstan;2005;65.9
Kazakhstan;2006;66.2
Kazakhstan;2007;66.3
Kazakhstan;2008;67.1
Kazakhstan;2009;68.4
Kazakhstan;2010;68.5
Kazakhstan;2011;68.7
Kazakhstan;2012;69.5
Kazakhstan;2013;70.6
Kazakhstan;2014;71.4
Kazakhstan;2015;72
Kenya;2000;54.4
Kenya;2001;54.5
Kenya;2002;55
Kenya;2003;55.6
Kenya;2004;56.4
Kenya;2005;57.3
Kenya;2006;58.2
Kenya;2007;58.9
Kenya;2008;59.6
Kenya;2009;60.4
Kenya;2010;60.6
Kenya;2011;61
Kenya;2012;61.1
Kenya;2013;61.4
Kenya;2014;61.8
Kenya;2015;61.9
Kiribati;2000;64.4
Kiribati;2001;64.7
Kiribati;2002;64.8
Kiribati;2003;65
Kiribati;2004;65
Kiribati;2005;65
Kiribati;2006;64.9
Kiribati;2007;64.8
Kiribati;2008;64.8
Kiribati;2009;64.9
Kiribati;2010;65
Kiribati;2011;65.2
Kiribati;2012;65.4
Kiribati;2013;65.6
Kiribati;2014;65.8
Kiribati;2015;66.1
Korea, Dem. People's Rep.;2000;60.8
Korea, Dem. People's Rep.;2001;60.7
Korea, Dem. People's Rep.;2002;60.8
Korea, Dem. People's Rep.;2003;69.5
Korea, Dem. People's Rep.;2004;69.4
Korea, Dem. People's Rep.;2005;69.3
Korea, Dem. People's Rep.;2006;69.1
Korea, Dem. People's Rep.;2007;68.9
Korea, Dem. People's Rep.;2008;69
Korea, Dem. People's Rep.;2009;69.7
Korea, Dem. People's Rep.;2010;70.4
Korea, Dem. People's Rep.;2011;71
Korea, Dem. People's Rep.;2012;71.6
Korea, Dem. People's Rep.;2013;72.3
Korea, Dem. People's Rep.;2014;72.9
Korea, Dem. People's Rep.;2015;72.8
Korea, Rep.;2000;75.9
Korea, Rep.;2001;76.4
Korea, Rep.;2002;76.8
Korea, Rep.;2003;77.2
Korea, Rep.;2004;77.7
Korea, Rep.;2005;78.2
Korea, Rep.;2006;78.7
Korea, Rep.;2007;79.1
Korea, Rep.;2008;79.5
Korea, Rep.;2009;80
Korea, Rep.;2010;80.1
Korea, Rep.;2011;80.6
Korea, Rep.;2012;80.8
Korea, Rep.;2013;81.3
Korea, Rep.;2014;81.7
Korea, Rep.;2015;82
Kosovo;2000;74.1
Kosovo;2001;74.4
Kosovo;2002;74.7
Kosovo;2003;75
Kosovo;2004;75.3
Kosovo;2005;75.6
Kosovo;2006;75.6
Kosovo;2007;76.5
Kosovo;2008;77.4
Kosovo;2009;77.7
Kosovo;2010;77.6
Kosovo;2011;77.7
Kosovo;2012;78.3
Kosovo;2013;78.6
Kosovo;2014;78.9
Kosovo;2015;78.9
Kuwait;2000;76.7
Kuwait;2001;76.9
Kuwait;2002;77
Kuwait;2003;77
Kuwait;2004;76.8
Kuwait;2005;76.9
Kuwait;2006;76.9
Kuwait;2007;77
Kuwait;2008;77.1
Kuwait;2009;77.4
Kuwait;2010;78
Kuwait;2011;78.5
Kuwait;2012;78.8
Kuwait;2013;79.2
Kuwait;2014;79.4
Kuwait;2015;79.6
Kyrgyz Republic;2000;68.6
Kyrgyz Republic;2001;68.7
Kyrgyz Republic;2002;68.2
Kyrgyz Republic;2003;68.3
Kyrgyz Republic;2004;68.2
Kyrgyz Republic;2005;68
Kyrgyz Republic;2006;67.7
Kyrgyz Republic;2007;67.9
Kyrgyz Republic;2008;68.5
Kyrgyz Republic;2009;69.1
Kyrgyz Republic;2010;69.3
Kyrgyz Republic;2011;69.6
Kyrgyz Republic;2012;70
Kyrgyz Republic;2013;70.2
Kyrgyz Republic;2014;70.4
Kyrgyz Republic;2015;70.7
Lao PDR;2000;58.4
Lao PDR;2001;59.1
Lao PDR;2002;59.5
Lao PDR;2003;60
Lao PDR;2004;60.3
Lao PDR;2005;61
Lao PDR;2006;61.5
Lao PDR;2007;62.1
Lao PDR;2008;62.6
Lao PDR;2009;63.3
Lao PDR;2010;64
Lao PDR;2011;64.7
Lao PDR;2012;65.4
Lao PDR;2013;65.7
Lao PDR;2014;66.4
Lao PDR;2015;66.7
Latvia;2000;70.3
Latvia;2001;70.8
Latvia;2002;71
Latvia;2003;71.3
Latvia;2004;72
Latvia;2005;71.4
Latvia;2006;70.9
Latvia;2007;71
Latvia;2008;72.4
Latvia;2009;73.1
Latvia;2010;73.5
Latvia;2011;73.6
Latvia;2012;73.8
Latvia;2013;74
Latvia;2014;74.1
Latvia;2015;74.5
Lebanon;2000;73.9
Lebanon;2001;74.4
Lebanon;2002;75.1
Lebanon;2003;75.6
Lebanon;2004;76
Lebanon;2005;76.3
Lebanon;2006;76.1
Lebanon;2007;77.1
Lebanon;2008;77.6
Lebanon;2009;77.9
Lebanon;2010;78.2
Lebanon;2011;78.4
Lebanon;2012;78.6
Lebanon;2013;78.8
Lebanon;2014;79
Lebanon;2015;79.2
Lesotho;2000;48.4
Lesotho;2001;46.8
Lesotho;2002;45.6
Lesotho;2003;44.5
Lesotho;2004;43.7
Lesotho;2005;43.2
Lesotho;2006;42.9
Lesotho;2007;43.1
Lesotho;2008;43.6
Lesotho;2009;44
Lesotho;2010;45.6
Lesotho;2011;46.7
Lesotho;2012;47.8
Lesotho;2013;49
Lesotho;2014;50
Lesotho;2015;51.1
Liberia;2000;51.4
Liberia;2001;52.8
Liberia;2002;53.8
Liberia;2003;53
Liberia;2004;56
Liberia;2005;56.9
Liberia;2006;57.6
Liberia;2007;58.3
Liberia;2008;58.8
Liberia;2009;59.2
Liberia;2010;59.4
Liberia;2011;59.6
Liberia;2012;59.9
Liberia;2013;59.9
Liberia;2014;59.1
Liberia;2015;59.1
Libya;2000;70.7
Libya;2001;70.9
Libya;2002;71
Libya;2003;71.1
Libya;2004;71.5
Libya;2005;71.6
Libya;2006;71.7
Libya;2007;71.9
Libya;2008;72.3
Libya;2009;72.4
Libya;2010;72.4
Libya;2011;70.1
Libya;2012;72.2
Libya;2013;72.3
Libya;2014;71.5
Libya;2015;71.7
Liechtenstein;2000;76.8
Liechtenstein;2001;79.3
Liechtenstein;2002;79.6
Liechtenstein;2003;80
Liechtenstein;2004;81.8
Liechtenstein;2005;80.7
Liechtenstein;2006;80.9
Liechtenstein;2007;81.3
Liechtenstein;2008;82.7
Liechtenstein;2009;81.5
Liechtenstein;2010;81.8
Liechtenstein;2011;81.8
Liechtenstein;2012;82.4
Liechtenstein;2013;82.3
Liechtenstein;2014;82.1
Liechtenstein;2015;82.7
Lithuania;2000;72
Lithuania;2001;71.7
Lithuania;2002;71.8
Lithuania;2003;72.1
Lithuania;2004;72
Lithuania;2005;71.3
Lithuania;2006;71.1
Lithuania;2007;70.9
Lithuania;2008;71.8
Lithuania;2009;72.9
Lithuania;2010;73.3
Lithuania;2011;73.6
Lithuania;2012;73.9
Lithuania;2013;73.9
Lithuania;2014;74.5
Lithuania;2015;74.3
Luxembourg;2000;77.9
Luxembourg;2001;77.8
Luxembourg;2002;78
Luxembourg;2003;77.7
Luxembourg;2004;79.1
Luxembourg;2005;79.4
Luxembourg;2006;79.3
Luxembourg;2007;79.4
Luxembourg;2008;80.5
Luxembourg;2009;80.6
Luxembourg;2010;80.6
Luxembourg;2011;81
Luxembourg;2012;81.4
Luxembourg;2013;81.8
Luxembourg;2014;82.2
Luxembourg;2015;82.3
Macao SAR, China;2000;81
Macao SAR, China;2001;81.2
Macao SAR, China;2002;81.3
Macao SAR, China;2003;81.5
Macao SAR, China;2004;81.7
Macao SAR, China;2005;82
Macao SAR, China;2006;82.3
Macao SAR, China;2007;82.5
Macao SAR, China;2008;82.9
Macao SAR, China;2009;83.3
Macao SAR, China;2010;83.1
Macao SAR, China;2011;83.2
Macao SAR, China;2012;83.3
Macao SAR, China;2013;83.7
Macao SAR, China;2014;83.9
Macao SAR, China;2015;84
North Macedonia;2000;72.9
North Macedonia;2001;73.4
North Macedonia;2002;73
North Macedonia;2003;73.2
North Macedonia;2004;73.6
North Macedonia;2005;73.7
North Macedonia;2006;73.9
North Macedonia;2007;73.8
North Macedonia;2008;74.4
North Macedonia;2009;74.4
North Macedonia;2010;75
North Macedonia;2011;75.1
North Macedonia;2012;74.9
North Macedonia;2013;75.4
North Macedonia;2014;75.5
North Macedonia;2015;75.4
Madagascar;2000;57.9
Madagascar;2001;58.6
Madagascar;2002;58.9
Madagascar;2003;59.5
Madagascar;2004;60.1
Madagascar;2005;60.6
Madagascar;2006;61.3
Madagascar;2007;61.8
Madagascar;2008;62.1
Madagascar;2009;62.7
Madagascar;2010;62.9
Madagascar;2011;63.5
Madagascar;2012;63.5
Madagascar;2013;64
Madagascar;2014;64.3
Madagascar;2015;64.3
Malawi;2000;44.5
Malawi;2001;45.9
Malawi;2002;47.2
Malawi;2003;48.8
Malawi;2004;50.5
Malawi;2005;52
Malawi;2006;53.2
Malawi;2007;53.9
Malawi;2008;54.6
Malawi;2009;55.4
Malawi;2010;56.4
Malawi;2011;57.5
Malawi;2012;58.7
Malawi;2013;59.7
Malawi;2014;60.9
Malawi;2015;61.4
Malaysia;2000;72.8
Malaysia;2001;73.3
Malaysia;2002;73.6
Malaysia;2003;73.8
Malaysia;2004;73.9
Malaysia;2005;74.1
Malaysia;2006;74.2
Malaysia;2007;74.2
Malaysia;2008;74.3
Malaysia;2009;74.2
Malaysia;2010;74.4
Malaysia;2011;74.7
Malaysia;2012;74.9
Malaysia;2013;75
Malaysia;2014;75.1
Malaysia;2015;75.1
Maldives;2000;70.9
Maldives;2001;72.2
Maldives;2002;73.3
Maldives;2003;74.1
Maldives;2004;73.5
Maldives;2005;74.8
Maldives;2006;75.1
Maldives;2007;75.7
Maldives;2008;76.5
Maldives;2009;77.1
Maldives;2010;77.7
Maldives;2011;78.1
Maldives;2012;78.7
Maldives;2013;79.1
Maldives;2014;79.4
Maldives;2015;79.7
Mali;2000;50.5
Mali;2001;51.3
Mali;2002;52.2
Mali;2003;52.9
Mali;2004;53.5
Mali;2005;54
Mali;2006;54.6
Mali;2007;54.9
Mali;2008;55.3
Mali;2009;55.9
Mali;2010;56.4
Mali;2011;56.8
Mali;2012;57.1
Mali;2013;57.4
Mali;2014;57.9
Mali;2015;58.4
Malta;2000;78.3
Malta;2001;78.8
Malta;2002;78.7
Malta;2003;78.5
Malta;2004;79.3
Malta;2005;79.3
Malta;2006;79.4
Malta;2007;79.8
Malta;2008;79.6
Malta;2009;80.2
Malta;2010;81.4
Malta;2011;80.7
Malta;2012;80.7
Malta;2013;81.7
Malta;2014;82
Malta;2015;81.9
Marshall Islands;2000;63.3
Marshall Islands;2001;63.6
Marshall Islands;2002;63.7
Marshall Islands;2003;63.7
Marshall Islands;2004;63.7
Marshall Islands;2005;63.6
Marshall Islands;2006;63.5
Marshall Islands;2007;63.4
Marshall Islands;2008;63.2
Marshall Islands;2009;63.2
Marshall Islands;2010;63.2
Marshall Islands;2011;63.3
Marshall Islands;2012;63.4
Marshall Islands;2013;63.5
Marshall Islands;2014;63.6
Marshall Islands;2015;63.8
Mauritania;2000;61
Mauritania;2001;61.2
Mauritania;2002;61.3
Mauritania;2003;61.3
Mauritania;2004;61.6
Mauritania;2005;61.7
Mauritania;2006;61.9
Mauritania;2007;62.2
Mauritania;2008;62.4
Mauritania;2009;62.8
Mauritania;2010;63.1
Mauritania;2011;63.3
Mauritania;2012;63.6
Mauritania;2013;63.9
Mauritania;2014;64.2
Mauritania;2015;64.5
Mauritius;2000;71.7
Mauritius;2001;71.8
Mauritius;2002;72
Mauritius;2003;72.1
Mauritius;2004;72.3
Mauritius;2005;72.4
Mauritius;2006;72.4
Mauritius;2007;72.6
Mauritius;2008;72.6
Mauritius;2009;72.9
Mauritius;2010;73
Mauritius;2011;73.3
Mauritius;2012;73.9
Mauritius;2013;74
Mauritius;2014;74.2
Mauritius;2015;74.4
Mexico;2000;73.6
Mexico;2001;73.9
Mexico;2002;74.1
Mexico;2003;74.3
Mexico;2004;74.4
Mexico;2005;74.4
Mexico;2006;74.3
Mexico;2007;74.2
Mexico;2008;74.2
Mexico;2009;74.1
Mexico;2010;74.2
Mexico;2011;74.4
Mexico;2012;74.6
Mexico;2013;74.7
Mexico;2014;74.8
Mexico;2015;74.7
Micronesia, Fed. Sts.;2000;69.8
Micronesia, Fed. Sts.;2001;70.5
Micronesia, Fed. Sts.;2002;69.5
Micronesia, Fed. Sts.;2003;70.8
Micronesia, Fed. Sts.;2004;70.8
Micronesia, Fed. Sts.;2005;70.9
Micronesia, Fed. Sts.;2006;71.1
Micronesia, Fed. Sts.;2007;71.1
Micronesia, Fed. Sts.;2008;71.1
Micronesia, Fed. Sts.;2009;71.1
Micronesia, Fed. Sts.;2010;71.2
Micronesia, Fed. Sts.;2011;71.3
Micronesia, Fed. Sts.;2012;71.4
Micronesia, Fed. Sts.;2013;71.5
Micronesia, Fed. Sts.;2014;71.5
Micronesia, Fed. Sts.;2015;71.4
Moldova;2000;66.4
Moldova;2001;66.8
Moldova;2002;66.9
Moldova;2003;67.4
Moldova;2004;67.9
Moldova;2005;68.2
Moldova;2006;68.5
Moldova;2007;68.9
Moldova;2008;69.4
Moldova;2009;69.6
Moldova;2010;69.4
Moldova;2011;69.2
Moldova;2012;69.1
Moldova;2013;69.1
Moldova;2014;69
Moldova;2015;69.2
Monaco;2000;..
Monaco;2001;..
Monaco;2002;..
Monaco;2003;..
Monaco;2004;..
Monaco;2005;..
Monaco;2006;..
Monaco;2007;..
Monaco;2008;..
Monaco;2009;..
Monaco;2010;..
Monaco;2011;..
Monaco;2012;..
Monaco;2013;..
Monaco;2014;..
Monaco;2015;..
Mongolia;2000;62.9
Mongolia;2001;63.3
Mongolia;2002;63.5
Mongolia;2003;64.2
Mongolia;2004;64.8
Mongolia;2005;64.9
Mongolia;2006;65.5
Mongolia;2007;66
Mongolia;2008;66.4
Mongolia;2009;66.8
Mongolia;2010;67.2
Mongolia;2011;67.4
Mongolia;2012;68.1
Mongolia;2013;68.6
Mongolia;2014;69
Mongolia;2015;69.5
Montenegro;2000;73.8
Montenegro;2001;74.1
Montenegro;2002;73.9
Montenegro;2003;73.9
Montenegro;2004;74.6
Montenegro;2005;74
Montenegro;2006;73.8
Montenegro;2007;74.3
Montenegro;2008;75.1
Montenegro;2009;75.1
Montenegro;2010;76
Montenegro;2011;76
Montenegro;2012;76.2
Montenegro;2013;76.5
Montenegro;2014;76.4
Montenegro;2015;76.4
Morocco;2000;66.8
Morocco;2001;67.2
Morocco;2002;67.5
Morocco;2003;67.9
Morocco;2004;68.2
Morocco;2005;68.7
Morocco;2006;69.1
Morocco;2007;69.6
Morocco;2008;70
Morocco;2009;70.5
Morocco;2010;70.8
Morocco;2011;71.3
Morocco;2012;71.7
Morocco;2013;72.1
Morocco;2014;72.5
Morocco;2015;72.9
Mozambique;2000;49.5
Mozambique;2001;50.1
Mozambique;2002;50.6
Mozambique;2003;50.9
Mozambique;2004;51.2
Mozambique;2005;51.6
Mozambique;2006;52
Mozambique;2007;52.6
Mozambique;2008;53.2
Mozambique;2009;53.8
Mozambique;2010;54.2
Mozambique;2011;54.9
Mozambique;2012;55.6
Mozambique;2013;56.5
Mozambique;2014;57.3
Mozambique;2015;58.2
Myanmar;2000;60.2
Myanmar;2001;60.4
Myanmar;2002;60.7
Myanmar;2003;61
Myanmar;2004;61.3
Myanmar;2005;61.6
Myanmar;2006;61.9
Myanmar;2007;62.4
Myanmar;2008;56.5
Myanmar;2009;63.2
Myanmar;2010;63.3
Myanmar;2011;63.9
Myanmar;2012;64.1
Myanmar;2013;64.8
Myanmar;2014;65.1
Myanmar;2015;65.6
Namibia;2000;52
Namibia;2001;51.3
Namibia;2002;51.3
Namibia;2003;51.1
Namibia;2004;51.2
Namibia;2005;51.8
Namibia;2006;52.7
Namibia;2007;53.7
Namibia;2008;54.7
Namibia;2009;55.5
Namibia;2010;56
Namibia;2011;56.6
Namibia;2012;57.6
Namibia;2013;58.7
Namibia;2014;59.8
Namibia;2015;60.7
Nauru;2000;58.7
Nauru;2001;58.3
Nauru;2002;58.2
Nauru;2003;58.1
Nauru;2004;58.1
Nauru;2005;58.2
Nauru;2006;58.4
Nauru;2007;58.5
Nauru;2008;58.8
Nauru;2009;59.1
Nauru;2010;59.6
Nauru;2011;60.2
Nauru;2012;60.7
Nauru;2013;61.2
Nauru;2014;61.8
Nauru;2015;62.3
Nepal;2000;62.6
Nepal;2001;63.3
Nepal;2002;63.3
Nepal;2003;64.2
Nepal;2004;64.8
Nepal;2005;65.5
Nepal;2006;65.9
Nepal;2007;66.3
Nepal;2008;66.4
Nepal;2009;66.8
Nepal;2010;66.8
Nepal;2011;67.3
Nepal;2012;67.5
Nepal;2013;68
Nepal;2014;68.1
Nepal;2015;67.5
Netherlands;2000;78
Netherlands;2001;78.2
Netherlands;2002;78.3
Netherlands;2003;78.5
Netherlands;2004;79.1
Netherlands;2005;79.3
Netherlands;2006;79.7
Netherlands;2007;80.1
Netherlands;2008;80.3
Netherlands;2009;80.5
Netherlands;2010;80.7
Netherlands;2011;81.2
Netherlands;2012;81.1
Netherlands;2013;81.3
Netherlands;2014;81.7
Netherlands;2015;81.5
New Caledonia;2000;75.2
New Caledonia;2001;74.8
New Caledonia;2002;75.1
New Caledonia;2003;75.3
New Caledonia;2004;75.5
New Caledonia;2005;75.7
New Caledonia;2006;76.1
New Caledonia;2007;76.5
New Caledonia;2008;76.7
New Caledonia;2009;77
New Caledonia;2010;77.3
New Caledonia;2011;76.6
New Caledonia;2012;77.1
New Caledonia;2013;77.2
New Caledonia;2014;77.2
New Caledonia;2015;77.3
New Zealand;2000;78.6
New Zealand;2001;78.7
New Zealand;2002;78.8
New Zealand;2003;79.1
New Zealand;2004;79.5
New Zealand;2005;79.9
New Zealand;2006;80
New Zealand;2007;80.2
New Zealand;2008;80.4
New Zealand;2009;80.7
New Zealand;2010;80.9
New Zealand;2011;81.2
New Zealand;2012;81.4
New Zealand;2013;81.4
New Zealand;2014;81.5
New Zealand;2015;81.6
Nicaragua;2000;67.2
Nicaragua;2001;67.2
Nicaragua;2002;67.2
Nicaragua;2003;67.2
Nicaragua;2004;67.4
Nicaragua;2005;67.9
Nicaragua;2006;68.7
Nicaragua;2007;69.6
Nicaragua;2008;70.6
Nicaragua;2009;71.4
Nicaragua;2010;72
Nicaragua;2011;72.4
Nicaragua;2012;72.6
Nicaragua;2013;72.7
Nicaragua;2014;72.8
Nicaragua;2015;73
Niger;2000;49.3
Niger;2001;49.8
Niger;2002;50.6
Niger;2003;51.4
Niger;2004;52.6
Niger;2005;53.6
Niger;2006;54.6
Niger;2007;55.6
Niger;2008;56.5
Niger;2009;57.4
Niger;2010;58.4
Niger;2011;59
Niger;2012;59.7
Niger;2013;60.2
Niger;2014;60.8
Niger;2015;61.1
Nigeria;2000;47.2
Nigeria;2001;47.6
Nigeria;2002;47.9
Nigeria;2003;48.4
Nigeria;2004;48.8
Nigeria;2005;49.3
Nigeria;2006;49.7
Nigeria;2007;50
Nigeria;2008;50.2
Nigeria;2009;50.7
Nigeria;2010;50.9
Nigeria;2011;51.4
Nigeria;2012;51.5
Nigeria;2013;51.7
Nigeria;2014;51.8
Nigeria;2015;51.8
Northern Mariana Islands;2000;..
Northern Mariana Islands;2001;..
Northern Mariana Islands;2002;..
Northern Mariana Islands;2003;..
Northern Mariana Islands;2004;..
Northern Mariana Islands;2005;..
Northern Mariana Islands;2006;..
Northern Mariana Islands;2007;..
Northern Mariana Islands;2008;..
Northern Mariana Islands;2009;..
Northern Mariana Islands;2010;..
Northern Mariana Islands;2011;..
Northern Mariana Islands;2012;..
Northern Mariana Islands;2013;..
Northern Mariana Islands;2014;..
Northern Mariana Islands;2015;..
Norway;2000;78.6
Norway;2001;78.8
Norway;2002;79
Norway;2003;79.4
Norway;2004;79.8
Norway;2005;80
Norway;2006;80.3
Norway;2007;80.4
Norway;2008;80.6
Norway;2009;80.8
Norway;2010;81
Norway;2011;81.3
Norway;2012;81.5
Norway;2013;81.8
Norway;2014;82.1
Norway;2015;82.3
Oman;2000;73.5
Oman;2001;73.8
Oman;2002;73.9
Oman;2003;74.1
Oman;2004;74.3
Oman;2005;74.4
Oman;2006;74.5
Oman;2007;74.5
Oman;2008;74.6
Oman;2009;74.7
Oman;2010;76.3
Oman;2011;76.6
Oman;2012;77.1
Oman;2013;77.2
Oman;2014;77.4
Oman;2015;77.7
Pakistan;2000;62.1
Pakistan;2001;62.4
Pakistan;2002;62.6
Pakistan;2003;62.8
Pakistan;2004;63.1
Pakistan;2005;62.5
Pakistan;2006;63.7
Pakistan;2007;63.9
Pakistan;2008;64
Pakistan;2009;64.1
Pakistan;2010;64.4
Pakistan;2011;64.6
Pakistan;2012;64.8
Pakistan;2013;65.2
Pakistan;2014;65.3
Pakistan;2015;65.7
Palau;2000;70.5
Palau;2001;..
Palau;2002;..
Palau;2003;..
Palau;2004;..
Palau;2005;69.1
Palau;2006;..
Palau;2007;..
Palau;2008;..
Palau;2009;..
Palau;2010;..
Palau;2011;..
Palau;2012;..
Palau;2013;..
Palau;2014;..
Palau;2015;..
Panama;2000;74
Panama;2001;74.4
Panama;2002;74.8
Panama;2003;75.2
Panama;2004;75.5
Panama;2005;75.8
Panama;2006;76
Panama;2007;76.2
Panama;2008;76.2
Panama;2009;76.3
Panama;2010;76.4
Panama;2011;76.6
Panama;2012;76.8
Panama;2013;77
Panama;2014;77.2
Panama;2015;77.5
Papua New Guinea;2000;61.7
Papua New Guinea;2001;61.8
Papua New Guinea;2002;61.7
Papua New Guinea;2003;61.8
Papua New Guinea;2004;61.8
Papua New Guinea;2005;61.8
Papua New Guinea;2006;61.9
Papua New Guinea;2007;62
Papua New Guinea;2008;62.6
Papua New Guinea;2009;62.8
Papua New Guinea;2010;63
Papua New Guinea;2011;63.5
Papua New Guinea;2012;63.7
Papua New Guinea;2013;64
Papua New Guinea;2014;64.3
Papua New Guinea;2015;64.7
Paraguay;2000;69.8
Paraguay;2001;69.9
Paraguay;2002;70
Paraguay;2003;70.3
Paraguay;2004;70.5
Paraguay;2005;70.5
Paraguay;2006;70.8
Paraguay;2007;71.1
Paraguay;2008;71.4
Paraguay;2009;71.6
Paraguay;2010;71.9
Paraguay;2011;72.1
Paraguay;2012;72.5
Paraguay;2013;72.8
Paraguay;2014;72.9
Paraguay;2015;73.2
Peru;2000;70.4
Peru;2001;71
Peru;2002;71.7
Peru;2003;72.2
Peru;2004;72.7
Peru;2005;73
Peru;2006;73.2
Peru;2007;73.2
Peru;2008;73.4
Peru;2009;73.5
Peru;2010;73.7
Peru;2011;74.1
Peru;2012;74.5
Peru;2013;75
Peru;2014;75.3
Peru;2015;75.6
Philippines;2000;69.4
Philippines;2001;69.6
Philippines;2002;69.8
Philippines;2003;69.9
Philippines;2004;70
Philippines;2005;70.2
Philippines;2006;70.3
Philippines;2007;70.5
Philippines;2008;70.6
Philippines;2009;70.6
Philippines;2010;70.8
Philippines;2011;70.8
Philippines;2012;70.9
Philippines;2013;70.8
Philippines;2014;71.2
Philippines;2015;71.3
Poland;2000;73.7
Poland;2001;74.2
Poland;2002;74.5
Poland;2003;74.6
Poland;2004;74.8
Poland;2005;75
Poland;2006;75.1
Poland;2007;75.2
Poland;2008;75.5
Poland;2009;75.7
Poland;2010;76.2
Poland;2011;76.7
Poland;2012;76.7
Poland;2013;77
Poland;2014;77.6
Poland;2015;77.5
Portugal;2000;76.3
Portugal;2001;76.8
Portugal;2002;77.1
Portugal;2003;77.2
Portugal;2004;77.7
Portugal;2005;78.1
Portugal;2006;78.4
Portugal;2007;78.3
Portugal;2008;78.5
Portugal;2009;78.7
Portugal;2010;79
Portugal;2011;80.5
Portugal;2012;80.4
Portugal;2013;80.7
Portugal;2014;81.1
Portugal;2015;81.1
Puerto Rico;2000;76
Puerto Rico;2001;76.5
Puerto Rico;2002;76.7
Puerto Rico;2003;76.9
Puerto Rico;2004;77.1
Puerto Rico;2005;77.2
Puerto Rico;2006;77.4
Puerto Rico;2007;77.6
Puerto Rico;2008;77.8
Puerto Rico;2009;77.9
Puerto Rico;2010;78
Puerto Rico;2011;78.3
Puerto Rico;2012;78.5
Puerto Rico;2013;78.8
Puerto Rico;2014;78.9
Puerto Rico;2015;79.7
Qatar;2000;74.8
Qatar;2001;75.3
Qatar;2002;75.4
Qatar;2003;75.6
Qatar;2004;76
Qatar;2005;76.1
Qatar;2006;76.6
Qatar;2007;77
Qatar;2008;77.4
Qatar;2009;77.9
Qatar;2010;78.4
Qatar;2011;78.9
Qatar;2012;79.2
Qatar;2013;79.5
Qatar;2014;79.8
Qatar;2015;80.1
Romania;2000;71.2
Romania;2001;71.2
Romania;2002;71
Romania;2003;71.3
Romania;2004;71.6
Romania;2005;71.9
Romania;2006;72.2
Romania;2007;72.6
Romania;2008;72.6
Romania;2009;73.3
Romania;2010;73.5
Romania;2011;74.4
Romania;2012;74.4
Romania;2013;75.1
Romania;2014;74.9
Romania;2015;74.9
Russian Federation;2000;65.5
Russian Federation;2001;65.4
Russian Federation;2002;65.1
Russian Federation;2003;65
Russian Federation;2004;65.5
Russian Federation;2005;65.5
Russian Federation;2006;66.7
Russian Federation;2007;67.6
Russian Federation;2008;67.9
Russian Federation;2009;68.7
Russian Federation;2010;68.8
Russian Federation;2011;69.7
Russian Federation;2012;70.1
Russian Federation;2013;70.6
Russian Federation;2014;70.7
Russian Federation;2015;71.2
Rwanda;2000;47.1
Rwanda;2001;49
Rwanda;2002;51
Rwanda;2003;53.4
Rwanda;2004;55.5
Rwanda;2005;57.3
Rwanda;2006;58.7
Rwanda;2007;60
Rwanda;2008;61.1
Rwanda;2009;62
Rwanda;2010;62.5
Rwanda;2011;63.3
Rwanda;2012;64
Rwanda;2013;64.4
Rwanda;2014;64.9
Rwanda;2015;65.3
Samoa;2000;70.7
Samoa;2001;71
Samoa;2002;71.3
Samoa;2003;71.5
Samoa;2004;71.7
Samoa;2005;71.8
Samoa;2006;72
Samoa;2007;72.1
Samoa;2008;72.2
Samoa;2009;70.1
Samoa;2010;72.2
Samoa;2011;72.3
Samoa;2012;72.2
Samoa;2013;72.4
Samoa;2014;72.5
Samoa;2015;72.5
San Marino;2000;..
San Marino;2001;..
San Marino;2002;..
San Marino;2003;..
San Marino;2004;..
San Marino;2005;..
San Marino;2006;..
San Marino;2007;..
San Marino;2008;..
San Marino;2009;..
San Marino;2010;..
San Marino;2011;..
San Marino;2012;..
San Marino;2013;..
San Marino;2014;..
San Marino;2015;..
Sao Tome and Principe;2000;61.7
Sao Tome and Principe;2001;62
Sao Tome and Principe;2002;62.6
Sao Tome and Principe;2003;63.2
Sao Tome and Principe;2004;63.7
Sao Tome and Principe;2005;63.7
Sao Tome and Principe;2006;64.4
Sao Tome and Principe;2007;64.7
Sao Tome and Principe;2008;65.1
Sao Tome and Principe;2009;65.1
Sao Tome and Principe;2010;65.2
Sao Tome and Principe;2011;64.9
Sao Tome and Principe;2012;65.7
Sao Tome and Principe;2013;66.3
Sao Tome and Principe;2014;66.8
Sao Tome and Principe;2015;67.2
Saudi Arabia;2000;72.5
Saudi Arabia;2001;73
Saudi Arabia;2002;73.3
Saudi Arabia;2003;73.6
Saudi Arabia;2004;74.2
Saudi Arabia;2005;74.6
Saudi Arabia;2006;74.8
Saudi Arabia;2007;75
Saudi Arabia;2008;75.3
Saudi Arabia;2009;75.4
Saudi Arabia;2010;75.8
Saudi Arabia;2011;76.2
Saudi Arabia;2012;76.5
Saudi Arabia;2013;76.6
Saudi Arabia;2014;76.8
Saudi Arabia;2015;76.9
Senegal;2000;56.9
Senegal;2001;57.6
Senegal;2002;58.2
Senegal;2003;59.1
Senegal;2004;60
Senegal;2005;60.9
Senegal;2006;61.8
Senegal;2007;62.5
Senegal;2008;63.2
Senegal;2009;63.9
Senegal;2010;64.6
Senegal;2011;65.3
Senegal;2012;65.5
Senegal;2013;66.1
Senegal;2014;66.5
Senegal;2015;66.9
Serbia;2000;71.6
Serbia;2001;72.2
Serbia;2002;72.3
Serbia;2003;72.4
Serbia;2004;72.7
Serbia;2005;72.8
Serbia;2006;73.4
Serbia;2007;73.6
Serbia;2008;73.9
Serbia;2009;74
Serbia;2010;74.3
Serbia;2011;74.5
Serbia;2012;74.8
Serbia;2013;75.2
Serbia;2014;75.3
Serbia;2015;75.3
Seychelles;2000;72.8
Seychelles;2001;73.3
Seychelles;2002;71.1
Seychelles;2003;71
Seychelles;2004;72.7
Seychelles;2005;72.1
Seychelles;2006;72.2
Seychelles;2007;73.1
Seychelles;2008;73.2
Seychelles;2009;73.1
Seychelles;2010;73.2
Seychelles;2011;72.7
Seychelles;2012;74.3
Seychelles;2013;73.1
Seychelles;2014;73.2
Seychelles;2015;74.3
Sierra Leone;2000;45.1
Sierra Leone;2001;45.7
Sierra Leone;2002;46.4
Sierra Leone;2003;47
Sierra Leone;2004;47.6
Sierra Leone;2005;48.2
Sierra Leone;2006;49.3
Sierra Leone;2007;50.4
Sierra Leone;2008;51.5
Sierra Leone;2009;52.6
Sierra Leone;2010;53.7
Sierra Leone;2011;54.6
Sierra Leone;2012;55.5
Sierra Leone;2013;56.3
Sierra Leone;2014;56.4
Sierra Leone;2015;57.2
Singapore;2000;78
Singapore;2001;78.3
Singapore;2002;78.6
Singapore;2003;79
Singapore;2004;79.5
Singapore;2005;80
Singapore;2006;80.1
Singapore;2007;80.4
Singapore;2008;80.8
Singapore;2009;81.2
Singapore;2010;81.5
Singapore;2011;81.7
Singapore;2012;82
Singapore;2013;82.2
Singapore;2014;82.5
Singapore;2015;82.7
Sint Maarten (Dutch part);2000;74.5
Sint Maarten (Dutch part);2001;74.5
Sint Maarten (Dutch part);2002;74.9
Sint Maarten (Dutch part);2003;74.1
Sint Maarten (Dutch part);2004;74.2
Sint Maarten (Dutch part);2005;75.5
Sint Maarten (Dutch part);2006;75.9
Sint Maarten (Dutch part);2007;75.4
Sint Maarten (Dutch part);2008;75.7
Sint Maarten (Dutch part);2009;75.4
Sint Maarten (Dutch part);2010;75.1
Sint Maarten (Dutch part);2011;74.7
Sint Maarten (Dutch part);2012;74.6
Sint Maarten (Dutch part);2013;74.9
Sint Maarten (Dutch part);2014;76.8
Sint Maarten (Dutch part);2015;77
Slovak Republic;2000;73.1
Slovak Republic;2001;73.4
Slovak Republic;2002;73.6
Slovak Republic;2003;73.6
Slovak Republic;2004;74
Slovak Republic;2005;73.9
Slovak Republic;2006;74.2
Slovak Republic;2007;74.2
Slovak Republic;2008;74.7
Slovak Republic;2009;74.9
Slovak Republic;2010;75.1
Slovak Republic;2011;76
Slovak Republic;2012;76.1
Slovak Republic;2013;76.4
Slovak Republic;2014;76.8
Slovak Republic;2015;76.6
Slovenia;2000;75.4
Slovenia;2001;75.8
Slovenia;2002;76
Slovenia;2003;76.9
Slovenia;2004;77.2
Slovenia;2005;77.6
Slovenia;2006;78.1
Slovenia;2007;78.6
Slovenia;2008;78.8
Slovenia;2009;79
Slovenia;2010;79.4
Slovenia;2011;80
Slovenia;2012;80.1
Slovenia;2013;80.3
Slovenia;2014;81.1
Slovenia;2015;80.8
Solomon Islands;2000;67.2
Solomon Islands;2001;67.4
Solomon Islands;2002;67.5
Solomon Islands;2003;67.6
Solomon Islands;2004;67.8
Solomon Islands;2005;67.9
Solomon Islands;2006;68.1
Solomon Islands;2007;68
Solomon Islands;2008;68.4
Solomon Islands;2009;68.5
Solomon Islands;2010;68.7
Solomon Islands;2011;68.9
Solomon Islands;2012;69.1
Solomon Islands;2013;69.2
Solomon Islands;2014;69.2
Solomon Islands;2015;69.6
Somalia;2000;50.7
Somalia;2001;50.7
Somalia;2002;50.7
Somalia;2003;50.6
Somalia;2004;50.5
Somalia;2005;50.7
Somalia;2006;50.6
Somalia;2007;50.5
Somalia;2008;51.1
Somalia;2009;51.9
Somalia;2010;50.6
Somalia;2011;51.3
Somalia;2012;53.2
Somalia;2013;53.8
Somalia;2014;54.3
Somalia;2015;54.9
South Africa;2000;58.5
South Africa;2001;57.3
South Africa;2002;55.7
South Africa;2003;54.3
South Africa;2004;54
South Africa;2005;54
South Africa;2006;54.3
South Africa;2007;55
South Africa;2008;56
South Africa;2009;57.4
South Africa;2010;58.9
South Africa;2011;60.7
South Africa;2012;61.8
South Africa;2013;62.5
South Africa;2014;63.4
South Africa;2015;64
South Sudan;2000;46
South Sudan;2001;46.9
South Sudan;2002;47.5
South Sudan;2003;50.3
South Sudan;2004;50.9
South Sudan;2005;51.5
South Sudan;2006;52
South Sudan;2007;52.9
South Sudan;2008;53.5
South Sudan;2009;53.9
South Sudan;2010;54.8
South Sudan;2011;54.9
South Sudan;2012;55.9
South Sudan;2013;55.8
South Sudan;2014;55
South Sudan;2015;55.6
Spain;2000;79
Spain;2001;79.4
Spain;2002;79.6
Spain;2003;79.6
Spain;2004;79.9
Spain;2005;80.2
Spain;2006;80.8
Spain;2007;80.9
Spain;2008;81.2
Spain;2009;81.5
Spain;2010;81.6
Spain;2011;82.5
Spain;2012;82.4
Spain;2013;83.1
Spain;2014;83.2
Spain;2015;82.8
Sri Lanka;2000;70.4
Sri Lanka;2001;70.8
Sri Lanka;2002;71.1
Sri Lanka;2003;71.4
Sri Lanka;2004;67.1
Sri Lanka;2005;72.1
Sri Lanka;2006;72
Sri Lanka;2007;72
Sri Lanka;2008;71.7
Sri Lanka;2009;69.2
Sri Lanka;2010;73.2
Sri Lanka;2011;73.4
Sri Lanka;2012;73.9
Sri Lanka;2013;74.2
Sri Lanka;2014;74.7
Sri Lanka;2015;74.9
St. Kitts and Nevis;2000;69.8
St. Kitts and Nevis;2001;70.2
St. Kitts and Nevis;2002;70.5
St. Kitts and Nevis;2003;70.8
St. Kitts and Nevis;2004;71.3
St. Kitts and Nevis;2005;71.4
St. Kitts and Nevis;2006;71.3
St. Kitts and Nevis;2007;71.4
St. Kitts and Nevis;2008;71.4
St. Kitts and Nevis;2009;71.4
St. Kitts and Nevis;2010;71.3
St. Kitts and Nevis;2011;71.5
St. Kitts and Nevis;2012;71.7
St. Kitts and Nevis;2013;71.5
St. Kitts and Nevis;2014;71
St. Kitts and Nevis;2015;70.8
St. Lucia;2000;70.8
St. Lucia;2001;71.1
St. Lucia;2002;71.5
St. Lucia;2003;71.8
St. Lucia;2004;72
St. Lucia;2005;72.2
St. Lucia;2006;72.5
St. Lucia;2007;72.6
St. Lucia;2008;72.7
St. Lucia;2009;72.7
St. Lucia;2010;72.7
St. Lucia;2011;72.9
St. Lucia;2012;72.9
St. Lucia;2013;72.7
St. Lucia;2014;72.9
St. Lucia;2015;73.1
St. Martin (French part);2000;76.7
St. Martin (French part);2001;76.8
St. Martin (French part);2002;77
St. Martin (French part);2003;77.2
St. Martin (French part);2004;77.4
St. Martin (French part);2005;77.6
St. Martin (French part);2006;77.7
St. Martin (French part);2007;77.9
St. Martin (French part);2008;78.1
St. Martin (French part);2009;78.2
St. Martin (French part);2010;78.4
St. Martin (French part);2011;78.8
St. Martin (French part);2012;79
St. Martin (French part);2013;78.9
St. Martin (French part);2014;80
St. Martin (French part);2015;79.3
St. Vincent and the Grenadines;2000;71.4
St. Vincent and the Grenadines;2001;71.9
St. Vincent and the Grenadines;2002;72.2
St. Vincent and the Grenadines;2003;72.4
St. Vincent and the Grenadines;2004;73
St. Vincent and the Grenadines;2005;73.5
St. Vincent and the Grenadines;2006;74
St. Vincent and the Grenadines;2007;74.7
St. Vincent and the Grenadines;2008;75.1
St. Vincent and the Grenadines;2009;75.1
St. Vincent and the Grenadines;2010;74.7
St. Vincent and the Grenadines;2011;74.6
St. Vincent and the Grenadines;2012;74.1
St. Vincent and the Grenadines;2013;73.8
St. Vincent and the Grenadines;2014;74.5
St. Vincent and the Grenadines;2015;74.4
Sudan;2000;58.3
Sudan;2001;58.6
Sudan;2002;59
Sudan;2003;58.2
Sudan;2004;56.8
Sudan;2005;57.3
Sudan;2006;60.3
Sudan;2007;61.3
Sudan;2008;61.2
Sudan;2009;62.6
Sudan;2010;63
Sudan;2011;63.2
Sudan;2012;63.8
Sudan;2013;63.7
Sudan;2014;64.3
Sudan;2015;64.7
Suriname;2000;65.5
Suriname;2001;65.5
Suriname;2002;65.5
Suriname;2003;65.6
Suriname;2004;66.4
Suriname;2005;67
Suriname;2006;67.6
Suriname;2007;68.2
Suriname;2008;68.8
Suriname;2009;69.5
Suriname;2010;69.9
Suriname;2011;69.9
Suriname;2012;69.8
Suriname;2013;69.7
Suriname;2014;69.8
Suriname;2015;70.8
Eswatini;2000;47.3
Eswatini;2001;46
Eswatini;2002;44.5
Eswatini;2003;43.3
Eswatini;2004;42.5
Eswatini;2005;42.1
Eswatini;2006;43.1
Eswatini;2007;43.6
Eswatini;2008;44.2
Eswatini;2009;44.6
Eswatini;2010;46.6
Eswatini;2011;48.2
Eswatini;2012;49.8
Eswatini;2013;51.5
Eswatini;2014;53.1
Eswatini;2015;55
Sweden;2000;79.6
Sweden;2001;79.8
Sweden;2002;79.8
Sweden;2003;80.1
Sweden;2004;80.5
Sweden;2005;80.5
Sweden;2006;80.7
Sweden;2007;80.9
Sweden;2008;81.1
Sweden;2009;81.4
Sweden;2010;81.5
Sweden;2011;81.8
Sweden;2012;81.7
Sweden;2013;82
Sweden;2014;82.3
Sweden;2015;82.2
Switzerland;2000;79.7
Switzerland;2001;80.2
Switzerland;2002;80.4
Switzerland;2003;80.5
Switzerland;2004;81.1
Switzerland;2005;81.2
Switzerland;2006;81.5
Switzerland;2007;81.7
Switzerland;2008;82
Switzerland;2009;82
Switzerland;2010;82.2
Switzerland;2011;82.7
Switzerland;2012;82.7
Switzerland;2013;82.8
Switzerland;2014;83.2
Switzerland;2015;82.9
Syrian Arab Republic;2000;70.8
Syrian Arab Republic;2001;71.6
Syrian Arab Republic;2002;71.9
Syrian Arab Republic;2003;72.4
Syrian Arab Republic;2004;72.5
Syrian Arab Republic;2005;72.8
Syrian Arab Republic;2006;73.4
Syrian Arab Republic;2007;73.7
Syrian Arab Republic;2008;73.6
Syrian Arab Republic;2009;73.9
Syrian Arab Republic;2010;73.9
Syrian Arab Republic;2011;73.3
Syrian Arab Republic;2012;66.8
Syrian Arab Republic;2013;63.8
Syrian Arab Republic;2014;63.2
Syrian Arab Republic;2015;65.1
Tajikistan;2000;63.3
Tajikistan;2001;64.1
Tajikistan;2002;64.8
Tajikistan;2003;65.6
Tajikistan;2004;66
Tajikistan;2005;66.5
Tajikistan;2006;67
Tajikistan;2007;67.2
Tajikistan;2008;67.7
Tajikistan;2009;68
Tajikistan;2010;67.7
Tajikistan;2011;68.1
Tajikistan;2012;68.5
Tajikistan;2013;68.9
Tajikistan;2014;69.1
Tajikistan;2015;69.3
Tanzania;2000;52.4
Tanzania;2001;53.2
Tanzania;2002;53.9
Tanzania;2003;54.9
Tanzania;2004;55.6
Tanzania;2005;56.3
Tanzania;2006;56.9
Tanzania;2007;57.5
Tanzania;2008;58.1
Tanzania;2009;58.9
Tanzania;2010;60.1
Tanzania;2011;61
Tanzania;2012;62
Tanzania;2013;63
Tanzania;2014;63.9
Tanzania;2015;64.7
Thailand;2000;72.3
Thailand;2001;72.6
Thailand;2002;72.9
Thailand;2003;73.2
Thailand;2004;73.1
Thailand;2005;73.8
Thailand;2006;74.9
Thailand;2007;75.2
Thailand;2008;75.5
Thailand;2009;75.8
Thailand;2010;76.1
Thailand;2011;76.4
Thailand;2012;76.8
Thailand;2013;77.1
Thailand;2014;77.4
Thailand;2015;77.7
Timor-Leste;2000;58.6
Timor-Leste;2001;59.4
Timor-Leste;2002;60.1
Timor-Leste;2003;60.9
Timor-Leste;2004;61.6
Timor-Leste;2005;62.3
Timor-Leste;2006;63.1
Timor-Leste;2007;63.7
Timor-Leste;2008;64.3
Timor-Leste;2009;64.9
Timor-Leste;2010;65.3
Timor-Leste;2011;65.7
Timor-Leste;2012;66.1
Timor-Leste;2013;66.4
Timor-Leste;2014;66.8
Timor-Leste;2015;67.1
Togo;2000;54.7
Togo;2001;54.9
Togo;2002;55.3
Togo;2003;55.6
Togo;2004;55.6
Togo;2005;56
Togo;2006;56.2
Togo;2007;56.5
Togo;2008;56.7
Togo;2009;57
Togo;2010;57.3
Togo;2011;57.9
Togo;2012;58.1
Togo;2013;58.7
Togo;2014;58.9
Togo;2015;59.4
Tonga;2000;69
Tonga;2001;69.1
Tonga;2002;69.3
Tonga;2003;69.5
Tonga;2004;69.7
Tonga;2005;69.8
Tonga;2006;69.9
Tonga;2007;70
Tonga;2008;70.2
Tonga;2009;70
Tonga;2010;70.3
Tonga;2011;70.4
Tonga;2012;70.4
Tonga;2013;70.5
Tonga;2014;70.5
Tonga;2015;70.6
Trinidad and Tobago;2000;69.1
Trinidad and Tobago;2001;69.6
Trinidad and Tobago;2002;70.5
Trinidad and Tobago;2003;69.7
Trinidad and Tobago;2004;71.1
Trinidad and Tobago;2005;71.3
Trinidad and Tobago;2006;71.3
Trinidad and Tobago;2007;71.7
Trinidad and Tobago;2008;71.5
Trinidad and Tobago;2009;73.1
Trinidad and Tobago;2010;72.7
Trinidad and Tobago;2011;73.3
Trinidad and Tobago;2012;73.7
Trinidad and Tobago;2013;74
Trinidad and Tobago;2014;74.2
Trinidad and Tobago;2015;74.5
Tunisia;2000;73.7
Tunisia;2001;73.8
Tunisia;2002;74.1
Tunisia;2003;74.3
Tunisia;2004;74.5
Tunisia;2005;74.8
Tunisia;2006;74.9
Tunisia;2007;75.1
Tunisia;2008;75.2
Tunisia;2009;75.3
Tunisia;2010;75.4
Tunisia;2011;75.5
Tunisia;2012;75.6
Tunisia;2013;75.7
Tunisia;2014;75.7
Tunisia;2015;75.7
Turkiye;2000;71.9
Turkiye;2001;72.2
Turkiye;2002;72.6
Turkiye;2003;72.9
Turkiye;2004;73.2
Turkiye;2005;73.5
Turkiye;2006;73.8
Turkiye;2007;74.2
Turkiye;2008;74.5
Turkiye;2009;74.8
Turkiye;2010;75.1
Turkiye;2011;74.9
Turkiye;2012;75.7
Turkiye;2013;76.3
Turkiye;2014;76.6
Turkiye;2015;76.6
Turkmenistan;2000;65
Turkmenistan;2001;65.2
Turkmenistan;2002;65.4
Turkmenistan;2003;65.7
Turkmenistan;2004;66.1
Turkmenistan;2005;66.1
Turkmenistan;2006;66.5
Turkmenistan;2007;66.9
Turkmenistan;2008;67.4
Turkmenistan;2009;68
Turkmenistan;2010;68.3
Turkmenistan;2011;68.6
Turkmenistan;2012;68.7
Turkmenistan;2013;68.7
Turkmenistan;2014;68.6
Turkmenistan;2015;68.8
Turks and Caicos Islands;2000;73.6
Turks and Caicos Islands;2001;74.1
Turks and Caicos Islands;2002;75.5
Turks and Caicos Islands;2003;75.4
Turks and Caicos Islands;2004;76.8
Turks and Caicos Islands;2005;77.1
Turks and Caicos Islands;2006;76.8
Turks and Caicos Islands;2007;75.9
Turks and Caicos Islands;2008;76.6
Turks and Caicos Islands;2009;77.2
Turks and Caicos Islands;2010;76.2
Turks and Caicos Islands;2011;76.2
Turks and Caicos Islands;2012;77
Turks and Caicos Islands;2013;77
Turks and Caicos Islands;2014;77.1
Turks and Caicos Islands;2015;76.9
Tuvalu;2000;63.5
Tuvalu;2001;63.5
Tuvalu;2002;63.6
Tuvalu;2003;63.6
Tuvalu;2004;63.7
Tuvalu;2005;63.8
Tuvalu;2006;63.9
Tuvalu;2007;63.9
Tuvalu;2008;63.9
Tuvalu;2009;63.9
Tuvalu;2010;64
Tuvalu;2011;64
Tuvalu;2012;64
Tuvalu;2013;64
Tuvalu;2014;64
Tuvalu;2015;64.1
Uganda;2000;48.3
Uganda;2001;49
Uganda;2002;49.6
Uganda;2003;50.4
Uganda;2004;51.5
Uganda;2005;53
Uganda;2006;54.4
Uganda;2007;55.2
Uganda;2008;55.8
Uganda;2009;56.5
Uganda;2010;57.1
Uganda;2011;58
Uganda;2012;58.8
Uganda;2013;59.8
Uganda;2014;60.4
Uganda;2015;61.1
Ukraine;2000;67.7
Ukraine;2001;67.8
Ukraine;2002;68.3
Ukraine;2003;68.2
Ukraine;2004;68.2
Ukraine;2005;68
Ukraine;2006;68.1
Ukraine;2007;68.2
Ukraine;2008;68.3
Ukraine;2009;69.2
Ukraine;2010;70.3
Ukraine;2011;70.8
Ukraine;2012;70.9
Ukraine;2013;71.2
Ukraine;2014;71.2
Ukraine;2015;71.2
United Arab Emirates;2000;74.4
United Arab Emirates;2001;74.6
United Arab Emirates;2002;74.9
United Arab Emirates;2003;76.2
United Arab Emirates;2004;76.5
United Arab Emirates;2005;76.7
United Arab Emirates;2006;76.9
United Arab Emirates;2007;77.1
United Arab Emirates;2008;77.5
United Arab Emirates;2009;78
United Arab Emirates;2010;78.3
United Arab Emirates;2011;78.5
United Arab Emirates;2012;78.7
United Arab Emirates;2013;78.9
United Arab Emirates;2014;79
United Arab Emirates;2015;79.2
United Kingdom;2000;77.7
United Kingdom;2001;78
United Kingdom;2002;78.1
United Kingdom;2003;78.4
United Kingdom;2004;78.7
United Kingdom;2005;79
United Kingdom;2006;79.2
United Kingdom;2007;79.4
United Kingdom;2008;79.6
United Kingdom;2009;80.1
United Kingdom;2010;80.4
United Kingdom;2011;81
United Kingdom;2012;80.9
United Kingdom;2013;81
United Kingdom;2014;81.3
United Kingdom;2015;81
United States;2000;76.6
United States;2001;76.8
United States;2002;76.9
United States;2003;77
United States;2004;77.5
United States;2005;77.5
United States;2006;77.7
United States;2007;78
United States;2008;78
United States;2009;78.4
United States;2010;78.5
United States;2011;78.6
United States;2012;78.7
United States;2013;78.7
United States;2014;78.8
United States;2015;78.7
Uruguay;2000;75
Uruguay;2001;75.3
Uruguay;2002;75.5
Uruguay;2003;75.8
Uruguay;2004;76
Uruguay;2005;76.2
Uruguay;2006;76.4
Uruguay;2007;76.5
Uruguay;2008;76.6
Uruguay;2009;76.7
Uruguay;2010;76.9
Uruguay;2011;77
Uruguay;2012;77.1
Uruguay;2013;77.2
Uruguay;2014;77.4
Uruguay;2015;77.5
Uzbekistan;2000;65.7
Uzbekistan;2001;66.1
Uzbekistan;2002;66.6
Uzbekistan;2003;67
Uzbekistan;2004;67.4
Uzbekistan;2005;67.5
Uzbekistan;2006;67.9
Uzbekistan;2007;68.3
Uzbekistan;2008;68.8
Uzbekistan;2009;68.9
Uzbekistan;2010;69.2
Uzbekistan;2011;69.6
Uzbekistan;2012;69.9
Uzbekistan;2013;70
Uzbekistan;2014;70.2
Uzbekistan;2015;70.5
Vanuatu;2000;69
Vanuatu;2001;69
Vanuatu;2002;69.2
Vanuatu;2003;69.3
Vanuatu;2004;69.3
Vanuatu;2005;69.4
Vanuatu;2006;69.5
Vanuatu;2007;69.5
Vanuatu;2008;69.6
Vanuatu;2009;69.7
Vanuatu;2010;69.6
Vanuatu;2011;69.6
Vanuatu;2012;69.5
Vanuatu;2013;69.5
Vanuatu;2014;69.5
Vanuatu;2015;69.5
Venezuela, RB;2000;72.5
Venezuela, RB;2001;71.2
Venezuela, RB;2002;72.7
Venezuela, RB;2003;71.9
Venezuela, RB;2004;72.5
Venezuela, RB;2005;72.8
Venezuela, RB;2006;72.7
Venezuela, RB;2007;73.1
Venezuela, RB;2008;72.4
Venezuela, RB;2009;72.6
Venezuela, RB;2010;72.9
Venezuela, RB;2011;72.9
Venezuela, RB;2012;73
Venezuela, RB;2013;73.2
Venezuela, RB;2014;72.9
Venezuela, RB;2015;73
Vietnam;2000;72.5
Vietnam;2001;72.6
Vietnam;2002;72.8
Vietnam;2003;73
Vietnam;2004;73.1
Vietnam;2005;73.3
Vietnam;2006;73.3
Vietnam;2007;73.4
Vietnam;2008;73.4
Vietnam;2009;73.5
Vietnam;2010;73.5
Vietnam;2011;73.7
Vietnam;2012;73.7
Vietnam;2013;73.8
Vietnam;2014;73.9
Vietnam;2015;73.9
Virgin Islands (U.S.);2000;76.6
Virgin Islands (U.S.);2001;77.6
Virgin Islands (U.S.);2002;77.5
Virgin Islands (U.S.);2003;77.5
Virgin Islands (U.S.);2004;77.8
Virgin Islands (U.S.);2005;77.4
Virgin Islands (U.S.);2006;78.3
Virgin Islands (U.S.);2007;76.9
Virgin Islands (U.S.);2008;77.2
Virgin Islands (U.S.);2009;77.5
Virgin Islands (U.S.);2010;77.9
Virgin Islands (U.S.);2011;78.3
Virgin Islands (U.S.);2012;78.5
Virgin Islands (U.S.);2013;78.7
Virgin Islands (U.S.);2014;78.9
Virgin Islands (U.S.);2015;79
West Bank and Gaza;2000;70.4
West Bank and Gaza;2001;69.9
West Bank and Gaza;2002;71
West Bank and Gaza;2003;71.1
West Bank and Gaza;2004;71.2
West Bank and Gaza;2005;72.1
West Bank and Gaza;2006;71.9
West Bank and Gaza;2007;72.2
West Bank and Gaza;2008;72.4
West Bank and Gaza;2009;72.6
West Bank and Gaza;2010;73
West Bank and Gaza;2011;73.2
West Bank and Gaza;2012;73.5
West Bank and Gaza;2013;74
West Bank and Gaza;2014;72.6
West Bank and Gaza;2015;74.4
Yemen, Rep.;2000;62.6
Yemen, Rep.;2001;63.2
Yemen, Rep.;2002;63.9
Yemen, Rep.;2003;64.5
Yemen, Rep.;2004;65
Yemen, Rep.;2005;65.5
Yemen, Rep.;2006;66
Yemen, Rep.;2007;66.6
Yemen, Rep.;2008;67
Yemen, Rep.;2009;67.2
Yemen, Rep.;2010;67.3
Yemen, Rep.;2011;67.4
Yemen, Rep.;2012;67.3
Yemen, Rep.;2013;67.5
Yemen, Rep.;2014;67.4
Yemen, Rep.;2015;65.9
Zambia;2000;45.2
Zambia;2001;46
Zambia;2002;47
Zambia;2003;48.3
Zambia;2004;49.5
Zambia;2005;50.7
Zambia;2006;51.8
Zambia;2007;52.7
Zambia;2008;53.9
Zambia;2009;55.3
Zambia;2010;56.8
Zambia;2011;57.8
Zambia;2012;58.9
Zambia;2013;59.9
Zambia;2014;60.7
Zambia;2015;61.2
Zimbabwe;2000;44.7
Zimbabwe;2001;42
Zimbabwe;2002;44.6
Zimbabwe;2003;43.4
Zimbabwe;2004;44.5
Zimbabwe;2005;44.8
Zimbabwe;2006;45.4
Zimbabwe;2007;45.6
Zimbabwe;2008;46.7
Zimbabwe;2009;48.1
Zimbabwe;2010;50.7
Zimbabwe;2011;53.3
Zimbabwe;2012;55.6
Zimbabwe;2013;57.5
Zimbabwe;2014;58.8
Zimbabwe;2015;59.6
;2000;
;2001;
;2002;
;2003;
;2004;
;2005;
;2006;
;2007;
;2008;
;2009;
;2010;
;2011;
;2012;
;2013;
;2014;
;2015;
;2000;
;2001;
;2002;
;2003;
;2004;
;2005;
;2006;
;2007;
;2008;
;2009;
;2010;
;2011;
;2012;
;2013;
;2014;
;2015;
;2000;
;2001;
;2002;
;2003;
;2004;
;2005;
;2006;
;2007;
;2008;
;2009;
;2010;
;2011;
;2012;
;2013;
;2014;
;2015;
;2000;
;2001;
;2002;
;2003;
;2004;
;2005;
;2006;
;2007;
;2008;
;2009;
;2010;
;2011;
;2012;
;2013;
;2014;
;2015;
;2000;
;2001;
;2002;
;2003;
;2004;
;2005;
;2006;
;2007;
;2008;
;2009;
;2010;
;2011;
;2012;
;2013;
;2014;
;2015;
;2000;
;2001;
;2002;
;2003;
;2004;
;2005;
;2006;
;2007;
;2008;
;2009;
;2010;
;2011;
;2012;
;2013;
;2014;
;2015;
;2000;
;2001;
;2002;
;2003;
;2004;
;2005;
;2006;
;2007;
;2008;
;2009;
;2010;
;2011;
;2012;
;2013;
;2014;
;2015;
;2000;
;2001;
;2002;
;2003;
;2004;
;2005;
;2006;
;2007;
;2008;
;2009;
;2010;
;2011;
;2012;
;2013;
;2014;
;2015;
;2000;
;2001;
;2002;
;2003;
;2004;
;2005;
;2006;
;2007;
;2008;
;2009;
;2010;
;2011;
;2012;
;2013;
;2014;
;2015;
;2000;
;2001;
;2002;
;2003;
;2004;
;2005;
;2006;
;2007;
;2008;
;2009;
;2010;
;2011;
;2012;
;2013;
;2014;
;2015;
;2000;
;2001;
;2002;
;2003;
;2004;
;2005;
;2006;
;2007;
;2008;
;2009;
;2010;
;2011;
;2012;
;2013;
;2014;
;2015;
;2000;
;2001;
;2002;
;2003;
;2004;
;2005;
;2006;
;2007;
;2008;
;2009;
;2010;
;2011;
;2012;
;2013;
;2014;
;2015;
;2000;
;2001;
;2002;
;2003;
;2004;
;2005;
;2006;
;2007;
;2008;
;2009;
;2010;
;2011;
;2012;
;2013;
;2014;
;2015;
;2000;
;2001;
;2002;
;2003;
;2004;
;2005;
;2006;
;2007;
;2008;
;2009;
;2010;
;2011;
;2012;
;2013;
;2014;
;2015;
;2000;
;2001;
;2002;
;2003;
;2004;
;2005;
;2006;
;2007;
;2008;
;2009;
;2010;
;2011;
;2012;
;2013;
;2014;
;2015;
;2000;
;2001;
;2002;
;2003;
;2004;
;2005;
;2006;
;2007;
;2008;
;2009;
;2010;
;2011;
;2012;
;2013;
;2014;
;2015;
;2000;
;2001;
;2002;
;2003;
;2004;
;2005;
;2006;
;2007;
;2008;
;2009;
;2010;
;2011;
;2012;
;2013;
;2014;
;2015;
;2000;
;2001;
;2002;
;2003;
;2004;
;2005;
;2006;
;2007;
;2008;
;2009;
;2010;
;2011;
;2012;
;2013;
;2014;
;2015;
;2000;
;2001;
;2002;
;2003;
;2004;
;2005;
;2006;
;2007;
;2008;
;2009;
;2010;
;2011;
;2012;
;2013;
;2014;
;2015;
;2000;
;2001;
;2002;
;2003;
;2004;
;2005;
;2006;
;2007;
;2008;
;2009;
;2010;
;2011;
;2012;
;2013;
;2014;
;2015;
;2000;
;2001;
;2002;
;2003;
;2004;
;2005;
;2006;
;2007;
;2008;
;2009;
;2010;
;2011;
;2012;
;2013;
;2014;
;2015;
;2000;
;2001;
;2002;
;2003;
;2004;
;2005;
;2006;
;2007;
;2008;
;2009;
;2010;
;2011;
;2012;
;2013;
;2014;
;2015;
;2000;
;2001;
;2002;
;2003;
;2004;
;2005;
;2006;
;2007;
;2008;
;2009;
;2010;
;2011;
;2012;
;2013;
;2014;
;2015;
;2000;
;2001;
;2002;
;2003;
;2004;
;2005;
;2006;
;2007;
;2008;
;2009;
;2010;
;2011;
;2012;
;2013;
;2014;
;2015;
;2000;
;2001;
;2002;
;2003;
;2004;
;2005;
;2006;
;2007;
;2008;
;2009;
;2010;
;2011;
;2012;
;2013;
;2014;
;2015;
;2000;
;2001;
;2002;
;2003;
;2004;
;2005;
;2006;
;2007;
;2008;
;2009;
;2010;
;2011;
;2012;
;2013;
;2014;
;2015;
;2000;
;2001;
;2002;
;2003;
;2004;
;2005;
;2006;
;2007;
;2008;
;2009;
;2010;
;2011;
;2012;
;2013;
;2014;
;2015;
;2000;
;2001;
;2002;
;2003;
;2004;
;2005;
;2006;
;2007;
;2008;
;2009;
;2010;
;2011;
;2012;
;2013;
;2014;
;2015;
;2000;
;2001;
;2002;
;2003;
;2004;
;2005;
;2006;
;2007;
;2008;
;2009;
;2010;
;2011;
;2012;
;2013;
;2014;
;2015;
;2000;
;2001;
;2002;
;2003;
;2004;
;2005;
;2006;
;2007;
;2008;
;2009;
;2010;
;2011;
;2012;
;2013;
;2014;
;2015;
;2000;
;2001;
;2002;
;2003;
;2004;
;2005;
;2006;
;2007;
;2008;
;2009;
;2010;
;2011;
;2012;
;2013;
;2014;
;2015;
;2000;
;2001;
;2002;
;2003;
;2004;
;2005;
;2006;
;2007;
;2008;
;2009;
;2010;
;2011;
;2012;
;2013;
;2014;
;2015;
;2000;
;2001;
;2002;
;2003;
;2004;
;2005;
;2006;
;2007;
;2008;
;2009;
;2010;
;2011;
;2012;
;2013;
;2014;
;2015;
;2000;
;2001;
;2002;
;2003;
;2004;
;2005;
;2006;
;2007;
;2008;
;2009;
;2010;
;2011;
;2012;
;2013;
;2014;
;2015;
;2000;
;2001;
;2002;
;2003;
;2004;
;2005;
;2006;
;2007;
;2008;
;2009;
;2010;
;2011;
;2012;
;2013;
;2014;
;2015;
;2000;
;2001;
;2002;
;2003;
;2004;
;2005;
;2006;
;2007;
;2008;
;2009;
;2010;
;2011;
;2012;
;2013;
;2014;
;2015;
;2000;
;2001;
;2002;
;2003;
;2004;
;2005;
;2006;
;2007;
;2008;
;2009;
;2010;
;2011;
;2012;
;2013;
;2014;
;2015;
;2000;
;2001;
;2002;
;2003;
;2004;
;2005;
;2006;
;2007;
;2008;
;2009;
;2010;
;2011;
;2012;
;2013;
;2014;
;2015;
;2000;
;2001;
;2002;
;2003;
;2004;
;2005;
;2006;
;2007;
;2008;
;2009;
;2010;
;2011;
;2012;
;2013;
;2014;
;2015;
;2000;
;2001;
;2002;
;2003;
;2004;
;2005;
;2006;
;2007;
;2008;
;2009;
;2010;
;2011;
;2012;
;2013;
;2014;
;2015;
;2000;
;2001;
;2002;
;2003;
;2004;
;2005;
;2006;
;2007;
;2008;
;2009;
;2010;
;2011;
;2012;
;2013;
;2014;
;2015;
;2000;
;2001;
;2002;
;2003;
;2004;
;2005;
;2006;
;2007;
;2008;
;2009;
;2010;
;2011;
;2012;
;2013;
;2014;
;2015;
;2000;
;2001;
;2002;
;2003;
;2004;
;2005;
;2006;
;2007;
;2008;
;2009;
;2010;
;2011;
;2012;
;2013;
;2014;
;2015;
;2000;
;2001;
;2002;
;2003;
;2004;
;2005;
;2006;
;2007;
;2008;
;2009;
;2010;
;2011;
;2012;
;2013;
;2014;
;2015;
;2000;
;2001;
;2002;
;2003;
;2004;
;2005;
;2006;
;2007;
;2008;
;2009;
;2010;
;2011;
;2012;
;2013;
;2014;
;2015;
;2000;
;2001;
;2002;
;2003;
;2004;
;2005;
;2006;
;2007;
;2008;
;2009;
;2010;
;2011;
;2012;
;2013;
;2014;
;2015;
;2000;
;2001;
;2002;
;2003;
;2004;
;2005;
;2006;
;2007;
;2008;
;2009;
;2010;
;2011;
;2012;
;2013;
;2014;
;2015;
;2000;
;2001;
;2002;
;2003;
;2004;
;2005;
;2006;
;2007;
;2008;
;2009;
;2010;
;2011;
;2012;
;2013;
;2014;
;2015;
;2000;
;2001;
;2002;
;2003;
;2004;
;2005;
;2006;
;2007;
;2008;
;2009;
;2010;
;2011;
;2012;
;2013;
;2014;
;2015;
;2000;
;2001;
;2002;
;2003;
;2004;
;2005;
;2006;
;2007;
;2008;
;2009;
;2010;
;2011;
;2012;
;2013;
;2014;
;2015;
;2000;
;2001;
;2002;
;2003;
;2004;
;2005;
;2006;
;2007;
;2008;
;2009;
;2010;
;2011;
;2012;
;2013;
;2014;
;2015;
;2000;
;2001;
;2002;
;2003;
;2004;
;2005;
;2006;
;2007;
;2008;
;2009;
;2010;
;2011;
;2012;
;2013;
;2014;
;2015;
;2000;
;2001;
;2002;
;2003;
;2004;
;2005;
;2006;
;2007;
;2008;
;2009;
;2010;
;2011;
;2012;
;2013;
;2014;
;2015;
;2000;
;2001;
;2002;
;2003;
;2004;
;2005;
;2006;
;2007;
;2008;
;2009;
;2010;
;2011;
;2012;
;2013;
;2014;
;2015;
;2000;
;2001;
;2002;
;2003;
;2004;
;2005;
;2006;
;2007;
;2008;
;2009;
;2010;
;2011;
;2012;
;2013;
;2014;
;2015;
;2000;
;2001;
;2002;
;2003;
;2004;
;2005;
;2006;
;2007;
;2008;
;2009;
;2010;
;2011;
;2012;
;2013;
;2014;
;2015;
;2000;
;2001;
;2002;
;2003;
;2004;
;2005;
;2006;
;2007;
;2008;
;2009;
;2010;
;2011;
;2012;
;2013;
;2014;
;2015;
;2000;
;2001;
;2002;
;2003;
;2004;
;2005;
;2006;
;2007;
;2008;
;2009;
;2010;
;2011;
;2012;
;2013;
;2014;
;2015;
;2000;
;2001;
;2002;
;2003;
;2004;
;2005;
;2006;
;2007;
;2008;
;2009;
;2010;
;2011;
;2012;
;2013;
;2014;
;2015;
;2000;
;2001;
;2002;
;2003;
;2004;
;2005;
;2006;
;2007;
;2008;
;2009;
;2010;
;2011;
;2012;
;2013;
;2014;
;2015;
;2000;
;2001;
;2002;
;2003;
;2004;
;2005;
;2006;
;2007;
;2008;
;2009;
;2010;
;2011;
;2012;
;2013;
;2014;
;2015;
;2000;
;2001;
;2002;
;2003;
;2004;
;2005;
;2006;
;2007;
;2008;
;2009;
;2010;
;2011;
;2012;
;2013;
;2014;
;2015;
;2000;
;2001;
;2002;
;2003;
;2004;
;2005;
;2006;
;2007;
;2008;
;2009;
;2010;
;2011;
;2012;
;2013;
;2014;
;2015;
;2000;
;2001;
;2002;
;2003;
;2004;
;2005;
;2006;
;2007;
;2008;
;2009;
;2010;
;2011;
;2012;
;2013;
;2014;
;2015;
;2000;
;2001;
;2002;
;2003;
;2004;
;2005;
;2006;
;2007;
;2008;
;2009;
;2010;
;2011;
;2012;
;2013;
;2014;
;2015;
;2000;
;2001;
;2002;
;2003;
;2004;
;2005;
;2006;
;2007;
;2008;
;2009;
;2010;
;2011;
;2012;
;2013;
;2014;
;2015;
;2000;
;2001;
;2002;
;2003;
;2004;
;2005;
;2006;
;2007;
;2008;
;2009;
;2010;
;2011;
;2012;
;2013;
;2014;
;2015;
;2000;
;2001;
;2002;
;2003;
;2004;
;2005;
;2006;
;2007;
;2008;
;2009;
;2010;
;2011;
;2012;
;2013;
;2014;
;2015;
;2000;
;2001;
;2002;
;2003;
;2004;
;2005;
;2006;
;2007;
;2008;
;2009;
;2010;
;2011;
;2012;
;2013;
;2014;
;2015;
;2000;
;2001;
;2002;
;2003;
;2004;
;2005;
;2006;
;2007;
;2008;
;2009;
;2010;
;2011;
;2012;
;2013;
;2014;
;2015;
;2000;
;2001;
;2002;
;2003;
;2004;
;2005;
;2006;
;2007;
;2008;
;2009;
;2010;
;2011;
;2012;
;2013;
;2014;
;2015;
;2000;
;2001;
;2002;
;2003;
;2004;
;2005;
;2006;
;2007;
;2008;
;2009;
;2010;
;2011;
;2012;
;2013;
;2014;
;2015;
;2000;
;2001;
;2002;
;2003;
;2004;
;2005;
;2006;
;2007;
;2008;
;2009;
;2010;
;2011;
;2012;
;2013;
;2014;
;2015;
;2000;
;2001;
;2002;
;2003;
;2004;
;2005;
;2006;
;2007;
;2008;
;2009;
;2010;
;2011;
;2012;
;2013;
;2014;
;2015;
;2000;
;2001;
;2002;
;2003;
;2004;
;2005;
;2006;
;2007;
;2008;
;2009;
;2010;
;2011;
;2012;
;2013;
;2014;
;2015;
;2000;
;2001;
;2002;
;2003;
;2004;
;2005;
;2006;
;2007;
;2008;
;2009;
;2010;
;2011;
;2012;
;2013;
;2014;
;2015;
;2000;
;2001;
;2002;
;2003;
;2004;
;2005;
;2006;
;2007;
;2008;
;2009;
;2010;
;2011;
;2012;
;2013;
;2014;
;2015;
;2000;
;2001;
;2002;
;2003;
;2004;
;2005;
;2006;
;2007;
;2008;
;2009;
;2010;
;2011;
;2012;
;2013;
;2014;
;2015;
